2026-09-19 16:49:13 EDT plan: {"slate": "2026-09-19", "scoreboard": "https://site.web.api.espn.com/apis/site/v2/sports/football/college-football/scoreboard?groups=80&limit=300&week=3&seasontype=2", "games": 74, "byDay": {"Fri": 3, "Sat": 71}, "firstKickoff": "2026-09-18T19:30:00-04:00", "lastKickoff": "2026-09-19T23:00:00-04:00", "start": "2026-09-18T19:00:00-04:00", "hardStop": "2026-09-20T06:00:00-04:00"}
2026-09-19 16:49:13 EDT recording https://site.web.api.espn.com/apis/site/v2/sports/football/college-football/scoreboard?groups=80&limit=300&week=3&seasontype=2 to /Users/mutaafaziz/Desktop/projects/saturday/data/capture/2026-09-19 until every slate game is final or Sun 06:00 EDT
2026-09-19 16:49:31 EDT 74 slate games: 18 live, 38 pre, 2 delayed, 16 final, 0 finals saved; watching 401856694,401860890,401858449,401858230,401858450,401858227
2026-09-19 16:50:31 EDT 74 slate games: 18 live, 38 pre, 2 delayed, 16 final, 0 finals saved; watching 401856694,401860890,401858449,401858230,401858450,401858231
2026-09-19 16:51:31 EDT 74 slate games: 18 live, 38 pre, 2 delayed, 16 final, 0 finals saved; watching 401858449,401856694,401860890,401858230,401858450,401858231
2026-09-19 16:52:32 EDT 74 slate games: 18 live, 38 pre, 2 delayed, 16 final, 0 finals saved; watching 401856694,401858230,401860890,401858450,401858449,401858231
2026-09-19 16:53:31 EDT 74 slate games: 18 live, 38 pre, 2 delayed, 16 final, 0 finals saved; watching 401856694,401858230,401858227,401858450,401858449,401858231
2026-09-19 16:54:35 EDT final HOU 26 at TTU 28 (401856811): 22 drives
2026-09-19 16:54:39 EDT final NCSU 31 at VAN 35 (401856695): 24 drives
2026-09-19 16:54:41 EDT final ASU 24 at KU 17 (401856812): 29 drives
2026-09-19 16:54:44 EDT final CCU 14 at DEL 22 (401869940): 21 drives
2026-09-19 16:54:47 EDT final UGA 45 at ARK 17 (401856686): 21 drives
2026-09-19 16:54:50 EDT final MIA 33 at WAKE 20 (401858226): 23 drives
2026-09-19 16:54:53 EDT final KENT 3 at OSU 59 (401858454): 28 drives
2026-09-19 16:54:56 EDT final BUFF 13 at PSU 55 (401858456): 30 drives
2026-09-19 16:54:59 EDT final PRST 0 at ORE 84 (401858455): 26 drives
2026-09-19 16:55:02 EDT final TULN 20 at KSU 31 (401856792): 19 drives
2026-09-19 16:55:05 EDT final BGSU 7 at ISU 55 (401856798): 26 drives
2026-09-19 16:55:07 EDT final MER 11 at GT 44 (401858228): 24 drives
2026-09-19 16:55:10 EDT final AKR 7 at MINN 41 (401858451): 27 drives
2026-09-19 16:55:13 EDT final EMU 10 at WIS 54 (401858460): 20 drives
2026-09-19 16:55:16 EDT final UNT 35 at TXST 49 (401860889): 23 drives
2026-09-19 16:55:19 EDT final WYO 10 at CMU 24 (401864508): 18 drives
2026-09-19 16:55:19 EDT 74 slate games: 18 live, 39 pre, 1 delayed, 16 final, 16 finals saved; watching 401856694,401858230,401858227,401858450,401858449,401858231
2026-09-19 16:55:42 EDT 74 slate games: 18 live, 39 pre, 1 delayed, 16 final, 16 finals saved; watching 401858227,401858450,401856694,401858230,401858449,401858231
2026-09-19 16:56:42 EDT 74 slate games: 18 live, 39 pre, 1 delayed, 16 final, 16 finals saved; watching 401858227,401856694,401858230,401858450,401858449,401867804
2026-09-19 16:57:42 EDT 74 slate games: 18 live, 39 pre, 1 delayed, 16 final, 16 finals saved; watching 401858227,401856694,401858230,401858450,401858449,401868317
2026-09-19 16:58:42 EDT 74 slate games: 18 live, 39 pre, 1 delayed, 16 final, 16 finals saved; watching 401858227,401856694,401858230,401858450,401862774,401858449
2026-09-19 16:59:42 EDT 74 slate games: 18 live, 39 pre, 1 delayed, 16 final, 16 finals saved; watching 401858227,401856694,401858230,401858450,401862774,401858449
2026-09-19 17:00:42 EDT 74 slate games: 18 live, 39 pre, 1 delayed, 16 final, 16 finals saved; watching 401858227,401856694,401858230,401858450,401858449,401862774
2026-09-19 17:01:43 EDT 74 slate games: 18 live, 39 pre, 1 delayed, 16 final, 16 finals saved; watching 401858227,401856694,401858230,401858450,401858449,401862774
2026-09-19 17:02:43 EDT 74 slate games: 18 live, 39 pre, 1 delayed, 16 final, 16 finals saved; watching 401858227,401856694,401858230,401866424,401858450,401858449
2026-09-19 17:03:42 EDT 74 slate games: 18 live, 39 pre, 1 delayed, 16 final, 16 finals saved; watching 401858227,401856694,401858230,401866424,401858450,401858449
2026-09-19 17:04:42 EDT 74 slate games: 18 live, 39 pre, 1 delayed, 16 final, 16 finals saved; watching 401858227,401856694,401858230,401858450,401858449,401866422
2026-09-19 17:05:42 EDT 74 slate games: 18 live, 39 pre, 1 delayed, 16 final, 16 finals saved; watching 401858227,401856694,401858230,401858450,401858449,401866422
2026-09-19 17:06:43 EDT 74 slate games: 18 live, 39 pre, 1 delayed, 16 final, 16 finals saved; watching 401858227,401856694,401858230,401866424,401858449,401866422
2026-09-19 17:07:42 EDT 74 slate games: 18 live, 39 pre, 1 delayed, 16 final, 16 finals saved; watching 401858227,401856694,401858230,401866424,401858449,401866422
2026-09-19 17:08:43 EDT 74 slate games: 18 live, 39 pre, 1 delayed, 16 final, 16 finals saved; watching 401858227,401856694,401858230,401858449,401866422,401858450
2026-09-19 17:09:42 EDT 74 slate games: 18 live, 39 pre, 1 delayed, 16 final, 16 finals saved; watching 401858227,401856694,401858457,401858230,401858231,401858449
2026-09-19 17:10:42 EDT 74 slate games: 18 live, 39 pre, 1 delayed, 16 final, 16 finals saved; watching 401858457,401858227,401856694,401858230,401858231,401858449
2026-09-19 17:11:42 EDT 74 slate games: 17 live, 39 pre, 1 delayed, 17 final, 16 finals saved; watching 401856694,401858230,401858457,401858449,401858450,401868317
2026-09-19 17:12:41 EDT 74 slate games: 17 live, 39 pre, 1 delayed, 17 final, 16 finals saved; watching 401856694,401858230,401858457,401858449,401858450,401868317
2026-09-19 17:13:42 EDT 74 slate games: 17 live, 39 pre, 1 delayed, 17 final, 16 finals saved; watching 401856694,401858457,401858230,401858449,401858450,401868317
2026-09-19 17:14:43 EDT 74 slate games: 17 live, 39 pre, 1 delayed, 17 final, 16 finals saved; watching 401856694,401858457,401858230,401858449,401858450,401868317
2026-09-19 17:15:42 EDT 74 slate games: 17 live, 39 pre, 1 delayed, 17 final, 16 finals saved; watching 401856694,401858457,401858230,401858449,401858450,401868317
2026-09-19 17:16:45 EDT final ME 16 at BC 22 (401858227): 22 drives
2026-09-19 17:16:45 EDT 74 slate games: 18 live, 38 pre, 1 delayed, 17 final, 17 finals saved; watching 401856694,401858457,401858230,401858449,401858450,401862774
2026-09-19 17:17:42 EDT 74 slate games: 18 live, 38 pre, 1 delayed, 17 final, 17 finals saved; watching 401856694,401858457,401858230,401858449,401858450,401862774
2026-09-19 17:18:42 EDT 74 slate games: 18 live, 38 pre, 1 delayed, 17 final, 17 finals saved; watching 401858457,401856694,401868317,401858230,401858449,401858450
2026-09-19 17:19:42 EDT 74 slate games: 18 live, 38 pre, 1 delayed, 17 final, 17 finals saved; watching 401856694,401868317,401858457,401858230,401858449,401858450
2026-09-19 17:20:42 EDT 74 slate games: 18 live, 38 pre, 1 delayed, 17 final, 17 finals saved; watching 401856694,401858457,401858230,401858449,401858450,401862774
2026-09-19 17:21:43 EDT 74 slate games: 18 live, 38 pre, 1 delayed, 17 final, 17 finals saved; watching 401856694,401858230,401858449,401858450,401858457,401856685
2026-09-19 17:22:42 EDT 74 slate games: 18 live, 38 pre, 1 delayed, 17 final, 17 finals saved; watching 401856685,401856694,401858230,401858449,401858450,401858457
2026-09-19 17:23:42 EDT 74 slate games: 17 live, 38 pre, 1 delayed, 18 final, 17 finals saved; watching 401856685,401856694,401858230,401858449,401858450,401858457
2026-09-19 17:24:42 EDT 74 slate games: 17 live, 38 pre, 1 delayed, 18 final, 17 finals saved; watching 401856694,401858230,401858449,401856685,401858450,401858457
2026-09-19 17:25:42 EDT 74 slate games: 17 live, 38 pre, 1 delayed, 18 final, 17 finals saved; watching 401858449,401862774,401856694,401858230,401856685,401858450
2026-09-19 17:26:42 EDT 74 slate games: 17 live, 38 pre, 1 delayed, 18 final, 17 finals saved; watching 401862774,401856694,401858449,401858230,401856685,401858450
2026-09-19 17:27:42 EDT 74 slate games: 18 live, 38 pre, 0 delayed, 18 final, 17 finals saved; watching 401858229,401862774,401856694,401858449,401858230,401856685
2026-09-19 17:28:45 EDT final SIU 10 at ILL 48 (401858448): 24 drives
2026-09-19 17:28:45 EDT 74 slate games: 18 live, 38 pre, 0 delayed, 18 final, 18 finals saved; watching 401858229,401862774,401856694,401858449,401858230,401856685
2026-09-19 17:29:43 EDT 74 slate games: 18 live, 38 pre, 0 delayed, 18 final, 18 finals saved; watching 401858229,401862774,401856694,401858230,401856685,401858450
2026-09-19 17:30:43 EDT 74 slate games: 18 live, 38 pre, 0 delayed, 18 final, 18 finals saved; watching 401858229,401856694,401862774,401868317,401858230,401856685
2026-09-19 17:31:42 EDT 74 slate games: 18 live, 38 pre, 0 delayed, 18 final, 18 finals saved; watching 401856694,401862774,401858229,401868317,401858230,401856685
2026-09-19 17:32:42 EDT 74 slate games: 18 live, 38 pre, 0 delayed, 18 final, 18 finals saved; watching 401858229,401862774,401856694,401858230,401858231,401856685
2026-09-19 17:33:42 EDT 74 slate games: 18 live, 38 pre, 0 delayed, 18 final, 18 finals saved; watching 401858229,401862774,401856694,401858230,401856685,401858450
2026-09-19 17:34:42 EDT 74 slate games: 18 live, 38 pre, 0 delayed, 18 final, 18 finals saved; watching 401858229,401862774,401856694,401858230,401856685,401858450
2026-09-19 17:35:42 EDT 74 slate games: 18 live, 38 pre, 0 delayed, 18 final, 18 finals saved; watching 401862774,401858229,401856694,401858230,401856685,401858450
2026-09-19 17:36:42 EDT 74 slate games: 19 live, 37 pre, 0 delayed, 18 final, 18 finals saved; watching 401862774,401858229,401858450,401858230,401856694,401856685
2026-09-19 17:37:42 EDT 74 slate games: 19 live, 37 pre, 0 delayed, 18 final, 18 finals saved; watching 401862774,401858229,401858450,401858230,401856694,401856685
2026-09-19 17:38:42 EDT 74 slate games: 19 live, 37 pre, 0 delayed, 18 final, 18 finals saved; watching 401858229,401862774,401858230,401856694,401860890,401856685
2026-09-19 17:39:42 EDT 74 slate games: 19 live, 37 pre, 0 delayed, 18 final, 18 finals saved; watching 401858229,401862774,401856685,401858230,401856694,401858457
2026-09-19 17:40:42 EDT 74 slate games: 19 live, 37 pre, 0 delayed, 18 final, 18 finals saved; watching 401858229,401862774,401856685,401858230,401856694,401858457
2026-09-19 17:41:42 EDT 74 slate games: 19 live, 37 pre, 0 delayed, 18 final, 18 finals saved; watching 401858229,401862774,401856685,401858230,401856694,401868317
2026-09-19 17:42:42 EDT 74 slate games: 19 live, 37 pre, 0 delayed, 18 final, 18 finals saved; watching 401862774,401858229,401856685,401856694,401858230,401856691
2026-09-19 17:43:42 EDT 74 slate games: 19 live, 37 pre, 0 delayed, 18 final, 18 finals saved; watching 401862774,401858229,401856685,401856694,401858230,401856691
2026-09-19 17:44:42 EDT 74 slate games: 19 live, 37 pre, 0 delayed, 18 final, 18 finals saved; watching 401858229,401862774,401856694,401856685,401858230,401856691
2026-09-19 17:45:42 EDT 74 slate games: 19 live, 37 pre, 0 delayed, 18 final, 18 finals saved; watching 401858229,401862774,401858230,401856685,401856691,401856694
2026-09-19 17:46:42 EDT 74 slate games: 19 live, 37 pre, 0 delayed, 18 final, 18 finals saved; watching 401858229,401862774,401858230,401856685,401856691,401856694
2026-09-19 17:47:42 EDT 74 slate games: 19 live, 37 pre, 0 delayed, 18 final, 18 finals saved; watching 401858229,401862774,401858230,401856685,401856691,401856694
2026-09-19 17:48:43 EDT 74 slate games: 19 live, 37 pre, 0 delayed, 18 final, 18 finals saved; watching 401858229,401862774,401858230,401856685,401856691,401856694
2026-09-19 17:49:42 EDT 74 slate games: 19 live, 37 pre, 0 delayed, 18 final, 18 finals saved; watching 401858229,401856685,401858230,401862774,401856691,401856694
2026-09-19 17:50:42 EDT 74 slate games: 19 live, 37 pre, 0 delayed, 18 final, 18 finals saved; watching 401858230,401858229,401862774,401856691,401856694,401858457
2026-09-19 17:51:42 EDT 74 slate games: 19 live, 37 pre, 0 delayed, 18 final, 18 finals saved; watching 401858230,401858229,401862774,401856694,401858457,401856685
2026-09-19 17:52:43 EDT 74 slate games: 19 live, 37 pre, 0 delayed, 18 final, 18 finals saved; watching 401858230,401858229,401862774,401856694,401856691,401858457
2026-09-19 17:53:43 EDT 74 slate games: 19 live, 37 pre, 0 delayed, 18 final, 18 finals saved; watching 401858230,401862774,401858229,401856694,401856691,401858457
2026-09-19 17:54:42 EDT 74 slate games: 19 live, 37 pre, 0 delayed, 18 final, 18 finals saved; watching 401862774,401858230,401858229,401858449,401858450,401856694
2026-09-19 17:55:42 EDT 74 slate games: 18 live, 37 pre, 0 delayed, 19 final, 18 finals saved; watching 401862774,401858230,401858449,401858450,401856694,401858457
2026-09-19 17:56:42 EDT 74 slate games: 18 live, 37 pre, 0 delayed, 19 final, 18 finals saved; watching 401862774,401858230,401858449,401858450,401856694,401858457
2026-09-19 17:57:43 EDT 74 slate games: 18 live, 37 pre, 0 delayed, 19 final, 18 finals saved; watching 401862774,401856694,401858457,401858230,401856797,401858449
2026-09-19 17:58:42 EDT 74 slate games: 18 live, 37 pre, 0 delayed, 19 final, 18 finals saved; watching 401862774,401856694,401858457,401858230,401856797,401858449
2026-09-19 17:59:42 EDT 74 slate games: 18 live, 37 pre, 0 delayed, 19 final, 18 finals saved; watching 401858230,401858449,401856691,401866424,401856685,401860890
2026-09-19 18:00:45 EDT final UNC 20 at CLEM 28 (401858229): 25 drives
2026-09-19 18:00:45 EDT 74 slate games: 18 live, 37 pre, 0 delayed, 19 final, 19 finals saved; watching 401858230,401856685,401856691,401856797,401866422,401856694
2026-09-19 18:01:42 EDT 74 slate games: 18 live, 37 pre, 0 delayed, 19 final, 19 finals saved; watching 401858230,401856685,401856691,401866424,401856797,401866422
2026-09-19 18:02:42 EDT 74 slate games: 18 live, 37 pre, 0 delayed, 19 final, 19 finals saved; watching 401856797,401858230,401856685,401856691,401866422,401856694
2026-09-19 18:03:42 EDT 74 slate games: 19 live, 36 pre, 0 delayed, 19 final, 19 finals saved; watching 401856797,401858230,401858231,401856685,401856691,401858449
2026-09-19 18:04:42 EDT 74 slate games: 20 live, 35 pre, 0 delayed, 19 final, 19 finals saved; watching 401856797,401858230,401856685,401858231,401858457,401856694
2026-09-19 18:05:42 EDT 74 slate games: 20 live, 35 pre, 0 delayed, 19 final, 19 finals saved; watching 401856797,401856685,401858457,401858230,401856694,401867804
2026-09-19 18:06:42 EDT 74 slate games: 20 live, 35 pre, 0 delayed, 19 final, 19 finals saved; watching 401856797,401856685,401858457,401858230,401856694,401867804
2026-09-19 18:07:42 EDT 74 slate games: 20 live, 35 pre, 0 delayed, 19 final, 19 finals saved; watching 401856797,401856685,401858457,401858230,401856694,401867804
2026-09-19 18:08:42 EDT 74 slate games: 20 live, 35 pre, 0 delayed, 19 final, 19 finals saved; watching 401856797,401858457,401858230,401856685,401856694,401867804
2026-09-19 18:09:42 EDT 74 slate games: 20 live, 35 pre, 0 delayed, 19 final, 19 finals saved; watching 401856797,401858230,401856694,401858457,401856685,401867804
2026-09-19 18:10:42 EDT 74 slate games: 20 live, 35 pre, 0 delayed, 19 final, 19 finals saved; watching 401856797,401858230,401856694,401858457,401856685,401862771
2026-09-19 18:11:42 EDT 74 slate games: 20 live, 34 pre, 1 delayed, 19 final, 19 finals saved; watching 401858230,401856797,401856694,401858457,401856685,401862771
2026-09-19 18:12:42 EDT 74 slate games: 20 live, 34 pre, 1 delayed, 19 final, 19 finals saved; watching 401858230,401856694,401858457,401856685,401866424,401856797
2026-09-19 18:13:42 EDT 74 slate games: 20 live, 34 pre, 1 delayed, 19 final, 19 finals saved; watching 401858230,401858457,401856685,401866424,401856694,401856797
2026-09-19 18:14:42 EDT 74 slate games: 20 live, 34 pre, 1 delayed, 19 final, 19 finals saved; watching 401858230,401858457,401856685,401856694,401856797,401862710
2026-09-19 18:15:42 EDT 74 slate games: 20 live, 34 pre, 1 delayed, 19 final, 19 finals saved; watching 401858230,401858457,401856685,401856694,401856797,401862771
2026-09-19 18:16:42 EDT 74 slate games: 20 live, 34 pre, 1 delayed, 19 final, 19 finals saved; watching 401858230,401856694,401858457,401856685,401856797,401862771
2026-09-19 18:17:42 EDT 74 slate games: 20 live, 34 pre, 1 delayed, 19 final, 19 finals saved; watching 401858230,401858457,401856694,401856685,401856797,401862771
2026-09-19 18:18:42 EDT 74 slate games: 20 live, 34 pre, 1 delayed, 19 final, 19 finals saved; watching 401858230,401856694,401856685,401856797,401858457,401862771
2026-09-19 18:19:43 EDT 74 slate games: 20 live, 34 pre, 1 delayed, 19 final, 19 finals saved; watching 401858230,401856694,401856685,401856797,401858457,401862771
2026-09-19 18:20:42 EDT 74 slate games: 20 live, 34 pre, 1 delayed, 19 final, 19 finals saved; watching 401858230,401856694,401856685,401856797,401858457,401862771
2026-09-19 18:21:42 EDT 74 slate games: 20 live, 34 pre, 1 delayed, 19 final, 19 finals saved; watching 401858230,401856694,401856685,401856797,401858457,401862771
2026-09-19 18:22:42 EDT 74 slate games: 20 live, 34 pre, 1 delayed, 19 final, 19 finals saved; watching 401858230,401858457,401856694,401856685,401856797,401862771
2026-09-19 18:23:42 EDT 74 slate games: 20 live, 34 pre, 1 delayed, 19 final, 19 finals saved; watching 401858230,401858457,401856694,401856685,401856797,401862771
2026-09-19 18:24:42 EDT 74 slate games: 20 live, 34 pre, 1 delayed, 19 final, 19 finals saved; watching 401858230,401856685,401858457,401856694,401862774,401856797
2026-09-19 18:25:43 EDT 74 slate games: 20 live, 34 pre, 1 delayed, 19 final, 19 finals saved; watching 401858230,401862774,401856685,401856694,401858457,401856797
2026-09-19 18:26:43 EDT 74 slate games: 20 live, 34 pre, 1 delayed, 19 final, 19 finals saved; watching 401858230,401862774,401856685,401856694,401858457,401856797
2026-09-19 18:27:43 EDT 74 slate games: 20 live, 34 pre, 1 delayed, 19 final, 19 finals saved; watching 401858230,401862774,401856685,401856694,401858457,401868317
2026-09-19 18:28:42 EDT 74 slate games: 20 live, 34 pre, 1 delayed, 19 final, 19 finals saved; watching 401858230,401862774,401856685,401856694,401858457,401868317
2026-09-19 18:29:42 EDT 74 slate games: 20 live, 34 pre, 1 delayed, 19 final, 19 finals saved; watching 401862774,401858230,401856685,401858457,401856694,401858449
2026-09-19 18:30:42 EDT 74 slate games: 19 live, 34 pre, 2 delayed, 19 final, 19 finals saved; watching 401858230,401862774,401856797,401858457,401856694,401862710
2026-09-19 18:31:42 EDT 74 slate games: 19 live, 34 pre, 2 delayed, 19 final, 19 finals saved; watching 401858230,401856797,401862774,401858457,401856694,401862771
2026-09-19 18:32:42 EDT 74 slate games: 19 live, 34 pre, 2 delayed, 19 final, 19 finals saved; watching 401858230,401862774,401856797,401862771,401858457,401856694
2026-09-19 18:33:42 EDT 74 slate games: 20 live, 33 pre, 2 delayed, 19 final, 19 finals saved; watching 401858230,401862774,401856797,401858457,401856694,401868317
2026-09-19 18:34:42 EDT 74 slate games: 20 live, 33 pre, 2 delayed, 19 final, 19 finals saved; watching 401862774,401858230,401856797,401858457,401856694,401868317
2026-09-19 18:35:42 EDT 74 slate games: 20 live, 33 pre, 2 delayed, 19 final, 19 finals saved; watching 401862774,401858230,401856797,401858457,401856694,401871047
2026-09-19 18:36:42 EDT 74 slate games: 20 live, 33 pre, 2 delayed, 19 final, 19 finals saved; watching 401862774,401858230,401856797,401858457,401856694,401871047
2026-09-19 18:37:42 EDT 74 slate games: 20 live, 33 pre, 2 delayed, 19 final, 19 finals saved; watching 401862774,401858230,401856797,401858457,401856694,401871047
2026-09-19 18:38:42 EDT 74 slate games: 20 live, 33 pre, 2 delayed, 19 final, 19 finals saved; watching 401862774,401858230,401856797,401858457,401856694,401871047
2026-09-19 18:39:42 EDT 74 slate games: 20 live, 33 pre, 2 delayed, 19 final, 19 finals saved; watching 401862774,401858230,401856797,401858457,401856694,401871047
2026-09-19 18:40:42 EDT 74 slate games: 20 live, 33 pre, 2 delayed, 19 final, 19 finals saved; watching 401858230,401862774,401858457,401856797,401856694,401871047
2026-09-19 18:41:42 EDT 74 slate games: 20 live, 33 pre, 2 delayed, 19 final, 19 finals saved; watching 401858230,401862774,401858457,401856797,401862771,401856694
2026-09-19 18:42:43 EDT 74 slate games: 20 live, 33 pre, 2 delayed, 19 final, 19 finals saved; watching 401862774,401858230,401856797,401858457,401856694,401862771
2026-09-19 18:43:43 EDT 74 slate games: 20 live, 33 pre, 2 delayed, 19 final, 19 finals saved; watching 401862774,401858230,401856797,401858457,401856694,401862771
2026-09-19 18:44:43 EDT 74 slate games: 20 live, 33 pre, 2 delayed, 19 final, 19 finals saved; watching 401862774,401858230,401856797,401858457,401856694,401862771
2026-09-19 18:45:42 EDT 74 slate games: 20 live, 33 pre, 2 delayed, 19 final, 19 finals saved; watching 401862774,401858230,401856797,401858457,401856694,401862771
2026-09-19 18:46:42 EDT 74 slate games: 19 live, 33 pre, 2 delayed, 20 final, 19 finals saved; watching 401858230,401856797,401858457,401856694,401862771,401858471
2026-09-19 18:47:43 EDT 74 slate games: 19 live, 33 pre, 2 delayed, 20 final, 19 finals saved; watching 401858230,401856797,401858457,401856694,401856691,401862710
2026-09-19 18:48:42 EDT 74 slate games: 19 live, 33 pre, 2 delayed, 20 final, 19 finals saved; watching 401858230,401858457,401856797,401856694,401856691,401862710
2026-09-19 18:49:43 EDT 74 slate games: 19 live, 33 pre, 2 delayed, 20 final, 19 finals saved; watching 401858230,401858457,401856797,401856694,401856691,401862710
2026-09-19 18:50:43 EDT 74 slate games: 19 live, 33 pre, 2 delayed, 20 final, 19 finals saved; watching 401858230,401858457,401856797,401856694,401871047,401856691
2026-09-19 18:51:46 EDT final TEM 48 at TOL 49 (401862774): 25 drives
2026-09-19 18:51:46 EDT 74 slate games: 19 live, 33 pre, 2 delayed, 20 final, 20 finals saved; watching 401858457,401856797,401856694,401858230,401871047,401856691
2026-09-19 18:52:42 EDT 74 slate games: 16 live, 33 pre, 2 delayed, 23 final, 20 finals saved; watching 401858457,401856797,401856694,401858230,401856691,401868317
2026-09-19 18:53:43 EDT 74 slate games: 15 live, 33 pre, 2 delayed, 24 final, 20 finals saved; watching 401856797,401856694,401858230,401858457,401856691,401868317
2026-09-19 18:54:43 EDT 74 slate games: 15 live, 33 pre, 2 delayed, 24 final, 20 finals saved; watching 401856797,401856694,401858230,401856691,401858457,401868317
2026-09-19 18:55:42 EDT 74 slate games: 15 live, 33 pre, 2 delayed, 24 final, 20 finals saved; watching 401856797,401856694,401858230,401867804,401856691,401858457
2026-09-19 18:56:43 EDT 74 slate games: 15 live, 33 pre, 2 delayed, 24 final, 20 finals saved; watching 401856797,401856694,401858230,401856691,401867804,401858449
2026-09-19 18:57:46 EDT final UTEP 17 at MICH 52 (401858450): 22 drives
2026-09-19 18:57:49 EDT final WAG 7 at CAL 49 (401858233): 24 drives
2026-09-19 18:57:52 EDT final STO 14 at MASS 36 (401866424): 26 drives
2026-09-19 18:57:52 EDT 74 slate games: 15 live, 33 pre, 2 delayed, 24 final, 23 finals saved; watching 401856797,401856694,401858230,401856691,401867804,401858449
2026-09-19 18:58:46 EDT final DUQ 7 at WSU 48 (401860890): 23 drives
2026-09-19 18:58:46 EDT 74 slate games: 15 live, 33 pre, 2 delayed, 24 final, 24 finals saved; watching 401856797,401856694,401858230,401856691,401867804,401858449
2026-09-19 18:59:43 EDT 74 slate games: 14 live, 33 pre, 2 delayed, 25 final, 24 finals saved; watching 401858230,401856694,401856691,401871047,401867804,401858449
2026-09-19 19:00:43 EDT 74 slate games: 13 live, 33 pre, 2 delayed, 26 final, 24 finals saved; watching 401858230,401856694,401856691,401871047,401858457,401868317
2026-09-19 19:01:43 EDT 74 slate games: 13 live, 33 pre, 2 delayed, 26 final, 24 finals saved; watching 401858230,401856694,401856691,401871047,401862710,401858457
2026-09-19 19:02:43 EDT 74 slate games: 12 live, 33 pre, 2 delayed, 27 final, 24 finals saved; watching 401858230,401856691,401871047,401862710,401858457,401868317
2026-09-19 19:03:42 EDT 74 slate games: 22 live, 23 pre, 2 delayed, 27 final, 24 finals saved; watching 401858230,401871047,401867804,401858457,401862710,401856689
2026-09-19 19:04:43 EDT 74 slate games: 22 live, 23 pre, 2 delayed, 27 final, 24 finals saved; watching 401858230,401867804,401871047,401858457,401862710,401856689
2026-09-19 19:05:46 EDT final M-OH 31 at CIN 35 (401856797): 25 drives
2026-09-19 19:05:49 EDT final USU 0 at UTAH 33 (401856801): 23 drives
2026-09-19 19:05:49 EDT 74 slate games: 23 live, 23 pre, 1 delayed, 27 final, 26 finals saved; watching 401858230,401856685,401858457,401856689,401868317,401862710
2026-09-19 19:06:43 EDT 74 slate games: 23 live, 23 pre, 1 delayed, 27 final, 26 finals saved; watching 401858457,401858230,401856685,401867804,401866423,401856689
2026-09-19 19:07:46 EDT final UK 31 at TA&M 21 (401856694): 21 drives
2026-09-19 19:07:46 EDT 74 slate games: 24 live, 22 pre, 1 delayed, 27 final, 27 finals saved; watching 401858457,401858230,401856685,401867804,401869948,401866423
2026-09-19 19:08:43 EDT 74 slate games: 24 live, 22 pre, 1 delayed, 27 final, 27 finals saved; watching 401858457,401858230,401856685,401867804,401869948,401856689
2026-09-19 19:09:43 EDT 74 slate games: 24 live, 22 pre, 1 delayed, 27 final, 27 finals saved; watching 401858457,401858230,401856685,401869948,401856687,401861963
2026-09-19 19:10:42 EDT 74 slate games: 24 live, 21 pre, 2 delayed, 27 final, 27 finals saved; watching 401858457,401858230,401856685,401869948,401856687,401856800
2026-09-19 19:11:42 EDT 74 slate games: 24 live, 21 pre, 2 delayed, 27 final, 27 finals saved; watching 401858457,401858230,401856685,401869948,401856687,401856800
2026-09-19 19:12:43 EDT 74 slate games: 24 live, 21 pre, 2 delayed, 27 final, 27 finals saved; watching 401858457,401858230,401856685,401864443,401856687,401870764
2026-09-19 19:13:42 EDT 74 slate games: 24 live, 21 pre, 2 delayed, 27 final, 27 finals saved; watching 401858457,401858230,401856685,401864443,401856687,401870764
2026-09-19 19:14:43 EDT 74 slate games: 23 live, 21 pre, 2 delayed, 28 final, 27 finals saved; watching 401858457,401856685,401858230,401856803,401856689,401862710
2026-09-19 19:15:43 EDT 74 slate games: 23 live, 21 pre, 2 delayed, 28 final, 27 finals saved; watching 401856685,401858457,401858230,401868317,401856689,401862710
2026-09-19 19:16:42 EDT 74 slate games: 22 live, 21 pre, 2 delayed, 29 final, 27 finals saved; watching 401856685,401858457,401868317,401856689,401862710,401871047
2026-09-19 19:17:43 EDT 74 slate games: 23 live, 19 pre, 2 delayed, 30 final, 27 finals saved; watching 401856685,401858457,401868317,401862772,401856689,401862710
2026-09-19 19:18:44 EDT 74 slate games: 23 live, 19 pre, 2 delayed, 30 final, 27 finals saved; watching 401858457,401856685,401868317,401862772,401862771,401856800
2026-09-19 19:19:46 EDT final BALL 15 at LIB 51 (401866422): 22 drives
2026-09-19 19:19:46 EDT 74 slate games: 23 live, 19 pre, 2 delayed, 30 final, 28 finals saved; watching 401858457,401856685,401862772,401862771,401856800,401856689
2026-09-19 19:20:43 EDT 74 slate games: 23 live, 19 pre, 2 delayed, 30 final, 28 finals saved; watching 401858457,401856685,401856803,401856689,401862710,401868317
2026-09-19 19:21:45 EDT final SMU 31 at LOU 41 (401858230): 26 drives
2026-09-19 19:21:45 EDT 74 slate games: 23 live, 19 pre, 2 delayed, 30 final, 29 finals saved; watching 401858457,401856685,401858459,401862771,401866423,401856803
2026-09-19 19:22:46 EDT final STAN 7 at DUKE 35 (401858231): 24 drives
2026-09-19 19:22:46 EDT 74 slate games: 23 live, 19 pre, 2 delayed, 30 final, 30 finals saved; watching 401858457,401856685,401858452,401862771,401856803,401861963
2026-09-19 19:23:43 EDT 74 slate games: 22 live, 19 pre, 2 delayed, 31 final, 30 finals saved; watching 401858457,401868317,401856685,401856803,401858452,401856689
2026-09-19 19:24:43 EDT 74 slate games: 21 live, 19 pre, 2 delayed, 32 final, 30 finals saved; watching 401858457,401856685,401862771,401856803,401856689,401868317
2026-09-19 19:25:43 EDT 74 slate games: 20 live, 19 pre, 2 delayed, 33 final, 30 finals saved; watching 401871047,401856685,401862771,401856803,401856689,401868317
2026-09-19 19:26:43 EDT 74 slate games: 20 live, 19 pre, 2 delayed, 33 final, 30 finals saved; watching 401871047,401856685,401862771,401856803,401866423,401856689
2026-09-19 19:28:02 EDT fetch failed (URLError: <urlopen error _ssl.c:1064: The handshake operation timed out>); retrying in 15s
2026-09-19 19:28:34 EDT 74 slate games: 20 live, 19 pre, 2 delayed, 33 final, 30 finals saved; watching 401871047,401856685,401866423,401856689,401862771,401868317
2026-09-19 19:29:38 EDT final WKU 0 at IU 38 (401858449): 24 drives
2026-09-19 19:29:38 EDT 74 slate games: 20 live, 19 pre, 2 delayed, 33 final, 31 finals saved; watching 401871047,401856685,401856689,401862771,401856800,401868317
2026-09-19 19:30:37 EDT final UNI 0 at IOWA 55 (401858471): 26 drives
2026-09-19 19:30:37 EDT 74 slate games: 21 live, 19 pre, 1 delayed, 33 final, 32 finals saved; watching 401871047,401862773,401856685,401856800,401862777,401856689
2026-09-19 19:31:37 EDT final USC 42 at RUTG 35 (401858457): 19 drives
2026-09-19 19:31:37 EDT 74 slate games: 21 live, 19 pre, 1 delayed, 33 final, 33 finals saved; watching 401871047,401862773,401856685,401856800,401862777,401856689
2026-09-19 19:32:35 EDT 74 slate games: 20 live, 19 pre, 1 delayed, 34 final, 33 finals saved; watching 401862773,401856685,401858459,401856689,401862771,401868317
2026-09-19 19:33:35 EDT 74 slate games: 20 live, 19 pre, 1 delayed, 34 final, 33 finals saved; watching 401862773,401856685,401856689,401862771,401868317,401864443
2026-09-19 19:34:35 EDT 74 slate games: 20 live, 19 pre, 1 delayed, 34 final, 33 finals saved; watching 401856689,401856685,401870764,401862771,401868317,401864443
2026-09-19 19:35:35 EDT 74 slate games: 20 live, 19 pre, 1 delayed, 34 final, 33 finals saved; watching 401856689,401856685,401862771,401868317,401864443,401866423
2026-09-19 19:36:35 EDT 74 slate games: 23 live, 16 pre, 1 delayed, 34 final, 33 finals saved; watching 401856685,401856689,401856691,401862771,401868317,401864443
2026-09-19 19:37:34 EDT 74 slate games: 24 live, 15 pre, 1 delayed, 34 final, 33 finals saved; watching 401856685,401869948,401858453,401862771,401856689,401868317
2026-09-19 19:38:37 EDT final LT 19 at BAY 36 (401867804): 25 drives
2026-09-19 19:38:37 EDT 74 slate games: 24 live, 15 pre, 1 delayed, 34 final, 34 finals saved; watching 401856685,401869948,401856687,401858453,401862771,401856689
2026-09-19 19:39:34 EDT 74 slate games: 24 live, 15 pre, 1 delayed, 34 final, 34 finals saved; watching 401868317,401856685,401858453,401856687,401869948,401862771
2026-09-19 19:40:35 EDT 74 slate games: 24 live, 15 pre, 1 delayed, 34 final, 34 finals saved; watching 401868317,401856685,401858453,401856687,401858459,401862710
2026-09-19 19:41:34 EDT 74 slate games: 24 live, 15 pre, 1 delayed, 34 final, 34 finals saved; watching 401868317,401856685,401858453,401858459,401862710,401858452
2026-09-19 19:42:35 EDT 74 slate games: 24 live, 14 pre, 2 delayed, 34 final, 34 finals saved; watching 401868317,401856685,401858453,401858459,401862710,401858452
2026-09-19 19:43:35 EDT 74 slate games: 24 live, 14 pre, 2 delayed, 34 final, 34 finals saved; watching 401868317,401856685,401858453,401858459,401862710,401858452
2026-09-19 19:44:35 EDT 74 slate games: 25 live, 13 pre, 2 delayed, 34 final, 34 finals saved; watching 401856685,401868317,401858453,401858459,401862710,401858452
2026-09-19 19:45:35 EDT 74 slate games: 25 live, 13 pre, 2 delayed, 34 final, 34 finals saved; watching 401856685,401868317,401858453,401858459,401862710,401856691
2026-09-19 19:46:35 EDT 74 slate games: 25 live, 13 pre, 2 delayed, 34 final, 34 finals saved; watching 401856685,401868317,401858453,401858459,401856691,401858452
2026-09-19 19:47:35 EDT 74 slate games: 25 live, 13 pre, 2 delayed, 34 final, 34 finals saved; watching 401856685,401868317,401856802,401858459,401856691,401858452
2026-09-19 19:48:35 EDT 74 slate games: 25 live, 14 pre, 1 delayed, 34 final, 34 finals saved; watching 401856685,401868317,401856802,401856687,401858459,401856691
2026-09-19 19:49:35 EDT 74 slate games: 25 live, 14 pre, 1 delayed, 34 final, 34 finals saved; watching 401868317,401856685,401856802,401856687,401858459,401856691
2026-09-19 19:50:35 EDT 74 slate games: 25 live, 14 pre, 1 delayed, 34 final, 34 finals saved; watching 401868317,401856685,401856802,401856687,401856691,401858453
2026-09-19 19:51:35 EDT 74 slate games: 25 live, 14 pre, 1 delayed, 34 final, 34 finals saved; watching 401868317,401856685,401856802,401856687,401856691,401858453
2026-09-19 19:52:35 EDT 74 slate games: 25 live, 14 pre, 1 delayed, 34 final, 34 finals saved; watching 401868317,401856685,401856802,401856687,401856691,401858453
2026-09-19 19:53:35 EDT 74 slate games: 25 live, 14 pre, 1 delayed, 34 final, 34 finals saved; watching 401868317,401856685,401856802,401856687,401856691,401858453
2026-09-19 19:54:35 EDT 74 slate games: 25 live, 14 pre, 1 delayed, 34 final, 34 finals saved; watching 401868317,401856685,401856802,401856691,401858453,401862771
2026-09-19 19:55:34 EDT 74 slate games: 26 live, 13 pre, 1 delayed, 34 final, 34 finals saved; watching 401868317,401856688,401856685,401856691,401858453,401862771
2026-09-19 19:56:35 EDT 74 slate games: 26 live, 13 pre, 1 delayed, 34 final, 34 finals saved; watching 401868317,401856688,401856685,401858453,401856691,401862771
2026-09-19 19:57:35 EDT 74 slate games: 26 live, 13 pre, 1 delayed, 34 final, 34 finals saved; watching 401868317,401856688,401856685,401856691,401862771,401856689
2026-09-19 19:58:35 EDT 74 slate games: 25 live, 13 pre, 1 delayed, 35 final, 34 finals saved; watching 401856688,401856685,401856691,401862771,401856689,401858453
2026-09-19 19:59:35 EDT 74 slate games: 26 live, 12 pre, 1 delayed, 35 final, 34 finals saved; watching 401856688,401856685,401862771,401856691,401856689,401858453
2026-09-19 20:00:35 EDT 74 slate games: 26 live, 12 pre, 1 delayed, 35 final, 34 finals saved; watching 401856688,401856685,401862771,401856691,401856689,401858453
2026-09-19 20:01:35 EDT 74 slate games: 26 live, 12 pre, 1 delayed, 35 final, 34 finals saved; watching 401856688,401856685,401862771,401856691,401856689,401858453
2026-09-19 20:02:34 EDT 74 slate games: 26 live, 12 pre, 1 delayed, 35 final, 34 finals saved; watching 401856688,401856685,401862771,401856691,401856689,401858453
2026-09-19 20:03:34 EDT 74 slate games: 26 live, 12 pre, 1 delayed, 35 final, 34 finals saved; watching 401856688,401856689,401862771,401856691,401856685,401858453
2026-09-19 20:04:37 EDT final SELA 38 at ULM 35 (401868317): 23 drives
2026-09-19 20:04:37 EDT 74 slate games: 26 live, 12 pre, 1 delayed, 35 final, 35 finals saved; watching 401856688,401856689,401862771,401856691,401856685,401858453
2026-09-19 20:05:34 EDT 74 slate games: 28 live, 10 pre, 1 delayed, 35 final, 35 finals saved; watching 401856688,401856689,401862771,401856691,401856685,401858453
2026-09-19 20:06:34 EDT 74 slate games: 29 live, 9 pre, 1 delayed, 35 final, 35 finals saved; watching 401856688,401856689,401856692,401862771,401856685,401858453
2026-09-19 20:07:34 EDT 74 slate games: 29 live, 10 pre, 0 delayed, 35 final, 35 finals saved; watching 401856688,401856689,401862771,401856685,401858453,401864443
2026-09-19 20:08:34 EDT 74 slate games: 30 live, 9 pre, 0 delayed, 35 final, 35 finals saved; watching 401856688,401856689,401856693,401862771,401856685,401858453
2026-09-19 20:09:34 EDT 74 slate games: 30 live, 9 pre, 0 delayed, 35 final, 35 finals saved; watching 401856688,401856689,401856693,401862771,401856685,401858453
2026-09-19 20:10:34 EDT 74 slate games: 30 live, 9 pre, 0 delayed, 35 final, 35 finals saved; watching 401856688,401856689,401862771,401856685,401856693,401858453
2026-09-19 20:11:34 EDT 74 slate games: 30 live, 9 pre, 0 delayed, 35 final, 35 finals saved; watching 401856688,401856689,401862771,401856685,401856693,401858453
2026-09-19 20:12:34 EDT 74 slate games: 30 live, 9 pre, 0 delayed, 35 final, 35 finals saved; watching 401856688,401856693,401856689,401862710,401856685,401864443
2026-09-19 20:13:34 EDT 74 slate games: 30 live, 9 pre, 0 delayed, 35 final, 35 finals saved; watching 401856688,401856693,401856689,401862710,401856685,401864443
2026-09-19 20:14:34 EDT 74 slate games: 30 live, 9 pre, 0 delayed, 35 final, 35 finals saved; watching 401856688,401856693,401856691,401862710,401856689,401862773
2026-09-19 20:15:34 EDT 74 slate games: 30 live, 9 pre, 0 delayed, 35 final, 35 finals saved; watching 401856688,401856693,401856691,401862710,401856689,401862773
2026-09-19 20:16:34 EDT 74 slate games: 31 live, 8 pre, 0 delayed, 35 final, 35 finals saved; watching 401856688,401856693,401856691,401862710,401856689,401862773
2026-09-19 20:17:34 EDT 74 slate games: 31 live, 8 pre, 0 delayed, 35 final, 35 finals saved; watching 401856688,401856693,401856691,401862710,401856689,401862773
2026-09-19 20:18:34 EDT 74 slate games: 31 live, 8 pre, 0 delayed, 35 final, 35 finals saved; watching 401856688,401856693,401862710,401856689,401862773,401856685
2026-09-19 20:19:34 EDT 74 slate games: 31 live, 8 pre, 0 delayed, 35 final, 35 finals saved; watching 401856688,401856693,401862710,401856689,401864443,401862773
2026-09-19 20:20:34 EDT 74 slate games: 31 live, 8 pre, 0 delayed, 35 final, 35 finals saved; watching 401856688,401856693,401856689,401862710,401864443,401856685
2026-09-19 20:21:34 EDT 74 slate games: 31 live, 8 pre, 0 delayed, 35 final, 35 finals saved; watching 401856688,401856693,401862710,401856689,401864443,401856685
2026-09-19 20:22:34 EDT 74 slate games: 31 live, 8 pre, 0 delayed, 35 final, 35 finals saved; watching 401856688,401856693,401862710,401856689,401864443,401856800
2026-09-19 20:23:34 EDT 74 slate games: 31 live, 8 pre, 0 delayed, 35 final, 35 finals saved; watching 401856688,401856693,401862710,401864443,401856800,401856685
2026-09-19 20:24:34 EDT 74 slate games: 31 live, 8 pre, 0 delayed, 35 final, 35 finals saved; watching 401856688,401856693,401862710,401864443,401856687,401856800
2026-09-19 20:25:35 EDT 74 slate games: 31 live, 8 pre, 0 delayed, 35 final, 35 finals saved; watching 401856688,401862710,401858453,401856693,401864443,401856800
2026-09-19 20:26:34 EDT 74 slate games: 31 live, 8 pre, 0 delayed, 35 final, 35 finals saved; watching 401856688,401862710,401856693,401858453,401864443,401856800
2026-09-19 20:27:34 EDT 74 slate games: 31 live, 8 pre, 0 delayed, 35 final, 35 finals saved; watching 401856688,401862710,401856693,401858453,401864443,401856800
2026-09-19 20:28:34 EDT 74 slate games: 31 live, 8 pre, 0 delayed, 35 final, 35 finals saved; watching 401856688,401862710,401856693,401858453,401864443,401856800
2026-09-19 20:29:34 EDT 74 slate games: 31 live, 8 pre, 0 delayed, 35 final, 35 finals saved; watching 401856688,401862710,401856693,401858453,401864443,401856687
2026-09-19 20:30:35 EDT 74 slate games: 31 live, 8 pre, 0 delayed, 35 final, 35 finals saved; watching 401856688,401862710,401856693,401858453,401864443,401856800
2026-09-19 20:31:35 EDT 74 slate games: 31 live, 8 pre, 0 delayed, 35 final, 35 finals saved; watching 401856688,401862710,401856693,401858453,401864443,401856800
2026-09-19 20:32:35 EDT 74 slate games: 31 live, 8 pre, 0 delayed, 35 final, 35 finals saved; watching 401856688,401862710,401856693,401858453,401864443,401856800
2026-09-19 20:33:35 EDT 74 slate games: 31 live, 8 pre, 0 delayed, 35 final, 35 finals saved; watching 401856688,401862710,401858453,401864443,401856693,401856687
2026-09-19 20:34:35 EDT 74 slate games: 31 live, 8 pre, 0 delayed, 35 final, 35 finals saved; watching 401856688,401862710,401856796,401858453,401864443,401856693
2026-09-19 20:35:35 EDT 74 slate games: 31 live, 8 pre, 0 delayed, 35 final, 35 finals saved; watching 401856688,401858453,401856685,401862710,401856796,401858232
2026-09-19 20:36:35 EDT 74 slate games: 31 live, 8 pre, 0 delayed, 35 final, 35 finals saved; watching 401858453,401856687,401856688,401856685,401862710,401856796
2026-09-19 20:37:35 EDT 74 slate games: 31 live, 8 pre, 0 delayed, 35 final, 35 finals saved; watching 401858453,401856687,401856688,401862771,401862710,401864443
2026-09-19 20:38:35 EDT 74 slate games: 31 live, 8 pre, 0 delayed, 35 final, 35 finals saved; watching 401856688,401858453,401856687,401862771,401862710,401856693
2026-09-19 20:39:35 EDT 74 slate games: 31 live, 8 pre, 0 delayed, 35 final, 35 finals saved; watching 401856685,401858453,401864443,401856687,401856688,401862771
2026-09-19 20:40:35 EDT 74 slate games: 31 live, 8 pre, 0 delayed, 35 final, 35 finals saved; watching 401856685,401858453,401864443,401856687,401856688,401862771
2026-09-19 20:41:35 EDT 74 slate games: 31 live, 8 pre, 0 delayed, 35 final, 35 finals saved; watching 401856685,401864443,401856688,401862771,401858453,401862710
2026-09-19 20:42:35 EDT 74 slate games: 31 live, 8 pre, 0 delayed, 35 final, 35 finals saved; watching 401856685,401856688,401862771,401858453,401864443,401862710
2026-09-19 20:43:35 EDT 74 slate games: 31 live, 8 pre, 0 delayed, 35 final, 35 finals saved; watching 401856685,401856688,401862771,401858453,401856690,401864443
2026-09-19 20:44:35 EDT 74 slate games: 31 live, 8 pre, 0 delayed, 35 final, 35 finals saved; watching 401856685,401856688,401862771,401856690,401858453,401862710
2026-09-19 20:45:35 EDT 74 slate games: 31 live, 8 pre, 0 delayed, 35 final, 35 finals saved; watching 401856688,401856685,401862771,401856690,401862710,401856693
2026-09-19 20:46:35 EDT 74 slate games: 31 live, 8 pre, 0 delayed, 35 final, 35 finals saved; watching 401856685,401862710,401856693,401856688,401862771,401856690
2026-09-19 20:47:35 EDT 74 slate games: 31 live, 8 pre, 0 delayed, 35 final, 35 finals saved; watching 401856685,401856688,401862710,401856693,401862771,401856690
2026-09-19 20:48:35 EDT 74 slate games: 31 live, 8 pre, 0 delayed, 35 final, 35 finals saved; watching 401856685,401862710,401862771,401856690,401856688,401856802
2026-09-19 20:49:35 EDT 74 slate games: 31 live, 8 pre, 0 delayed, 35 final, 35 finals saved; watching 401856685,401862710,401862771,401856688,401856802,401856687
2026-09-19 20:50:37 EDT 74 slate games: 31 live, 8 pre, 0 delayed, 35 final, 35 finals saved; watching 401856685,401862710,401862771,401856690,401856688,401856691
2026-09-19 20:51:35 EDT 74 slate games: 31 live, 8 pre, 0 delayed, 35 final, 35 finals saved; watching 401856685,401862710,401862771,401858453,401871047,401856688
2026-09-19 20:52:36 EDT 74 slate games: 31 live, 8 pre, 0 delayed, 35 final, 35 finals saved; watching 401856685,401862710,401862771,401858453,401871047,401856688
2026-09-19 20:53:35 EDT 74 slate games: 31 live, 8 pre, 0 delayed, 35 final, 35 finals saved; watching 401862771,401862710,401856685,401858453,401856691,401871047
2026-09-19 20:54:35 EDT 74 slate games: 31 live, 8 pre, 0 delayed, 35 final, 35 finals saved; watching 401862771,401862710,401858453,401856691,401871047,401856688
2026-09-19 20:55:35 EDT 74 slate games: 31 live, 8 pre, 0 delayed, 35 final, 35 finals saved; watching 401862710,401864443,401862771,401856800,401871047,401856688
2026-09-19 20:56:35 EDT 74 slate games: 31 live, 8 pre, 0 delayed, 35 final, 35 finals saved; watching 401862710,401864443,401862771,401871047,401856795,401856688
2026-09-19 20:57:35 EDT 74 slate games: 31 live, 8 pre, 0 delayed, 35 final, 35 finals saved; watching 401862710,401864443,401862771,401862777,401871047,401856688
2026-09-19 20:58:35 EDT 74 slate games: 31 live, 8 pre, 0 delayed, 35 final, 35 finals saved; watching 401862710,401862771,401862777,401856688,401858453,401864443
2026-09-19 20:59:35 EDT 74 slate games: 31 live, 8 pre, 0 delayed, 35 final, 35 finals saved; watching 401862710,401862771,401862777,401856691,401856688,401858453
2026-09-19 21:00:35 EDT 74 slate games: 31 live, 8 pre, 0 delayed, 35 final, 35 finals saved; watching 401862710,401862771,401862777,401856688,401858453,401864443
2026-09-19 21:01:35 EDT 74 slate games: 31 live, 8 pre, 0 delayed, 35 final, 35 finals saved; watching 401862710,401862771,401856800,401866423,401862777,401856688
2026-09-19 21:02:35 EDT 74 slate games: 31 live, 8 pre, 0 delayed, 35 final, 35 finals saved; watching 401856688,401862710,401862771,401856802,401856800,401866423
2026-09-19 21:03:35 EDT 74 slate games: 31 live, 8 pre, 0 delayed, 35 final, 35 finals saved; watching 401862710,401862771,401866423,401864443,401856688,401858453
2026-09-19 21:04:35 EDT 74 slate games: 31 live, 8 pre, 0 delayed, 35 final, 35 finals saved; watching 401862771,401862710,401866423,401862777,401856688,401856800
2026-09-19 21:05:36 EDT 74 slate games: 31 live, 8 pre, 0 delayed, 35 final, 35 finals saved; watching 401862710,401862771,401862777,401856688,401856800,401862773
2026-09-19 21:06:36 EDT 74 slate games: 31 live, 8 pre, 0 delayed, 35 final, 35 finals saved; watching 401856688,401862710,401862771,401856800,401858453,401864443
2026-09-19 21:07:36 EDT 74 slate games: 31 live, 8 pre, 0 delayed, 35 final, 35 finals saved; watching 401856688,401862710,401862771,401871047,401862777,401858453
2026-09-19 21:08:35 EDT 74 slate games: 30 live, 8 pre, 0 delayed, 36 final, 35 finals saved; watching 401856688,401862710,401862771,401858453,401858232,401864443
2026-09-19 21:09:36 EDT 74 slate games: 30 live, 8 pre, 0 delayed, 36 final, 35 finals saved; watching 401856688,401862710,401862771,401858453,401864443,401856799
2026-09-19 21:10:35 EDT 74 slate games: 30 live, 8 pre, 0 delayed, 36 final, 35 finals saved; watching 401856688,401862710,401862771,401864443,401858453,401862773
2026-09-19 21:11:35 EDT 74 slate games: 30 live, 8 pre, 0 delayed, 36 final, 35 finals saved; watching 401856688,401862710,401862771,401864443,401858453,401866423
2026-09-19 21:12:35 EDT 74 slate games: 30 live, 8 pre, 0 delayed, 36 final, 35 finals saved; watching 401856688,401862710,401871047,401862771,401864443,401858453
2026-09-19 21:13:38 EDT final FSU 36 at ALA 50 (401856685): 24 drives
2026-09-19 21:13:38 EDT 74 slate games: 30 live, 8 pre, 0 delayed, 36 final, 36 finals saved; watching 401856688,401862710,401871047,401862771,401864443,401858453
2026-09-19 21:14:35 EDT 74 slate games: 30 live, 8 pre, 0 delayed, 36 final, 36 finals saved; watching 401871047,401864443,401862710,401856688,401862771,401866423
2026-09-19 21:15:35 EDT 74 slate games: 30 live, 8 pre, 0 delayed, 36 final, 36 finals saved; watching 401871047,401864443,401862710,401856688,401862771,401866423
2026-09-19 21:16:36 EDT 74 slate games: 30 live, 8 pre, 0 delayed, 36 final, 36 finals saved; watching 401871047,401862710,401856688,401862771,401864443,401862773
2026-09-19 21:17:35 EDT 74 slate games: 30 live, 8 pre, 0 delayed, 36 final, 36 finals saved; watching 401862710,401856688,401871047,401862771,401864443,401862773
2026-09-19 21:18:36 EDT 74 slate games: 30 live, 8 pre, 0 delayed, 36 final, 36 finals saved; watching 401856688,401862710,401871047,401862771,401864443,401862773
2026-09-19 21:19:36 EDT 74 slate games: 30 live, 8 pre, 0 delayed, 36 final, 36 finals saved; watching 401862710,401856800,401856688,401871047,401862771,401856691
2026-09-19 21:20:36 EDT 74 slate games: 30 live, 8 pre, 0 delayed, 36 final, 36 finals saved; watching 401871047,401856688,401862710,401864443,401862771,401856691
2026-09-19 21:21:36 EDT 74 slate games: 30 live, 8 pre, 0 delayed, 36 final, 36 finals saved; watching 401871047,401856688,401862710,401864443,401862771,401856691
2026-09-19 21:22:36 EDT 74 slate games: 30 live, 8 pre, 0 delayed, 36 final, 36 finals saved; watching 401871047,401856688,401862710,401864443,401862771,401856691
2026-09-19 21:23:36 EDT 74 slate games: 29 live, 8 pre, 0 delayed, 37 final, 36 finals saved; watching 401862771,401862710,401862773,401864443,401871047,401856688
2026-09-19 21:24:36 EDT 74 slate games: 29 live, 8 pre, 0 delayed, 37 final, 36 finals saved; watching 401862771,401862710,401862773,401864443,401871047,401856688
2026-09-19 21:25:36 EDT 74 slate games: 29 live, 8 pre, 0 delayed, 37 final, 36 finals saved; watching 401862771,401862710,401862773,401864443,401871047,401856688
2026-09-19 21:26:36 EDT 74 slate games: 29 live, 8 pre, 0 delayed, 37 final, 36 finals saved; watching 401864443,401862771,401862710,401862773,401856800,401871047
2026-09-19 21:27:36 EDT 74 slate games: 28 live, 8 pre, 0 delayed, 38 final, 36 finals saved; watching 401862710,401856800,401864443,401862773,401871047,401856688
2026-09-19 21:28:36 EDT 74 slate games: 28 live, 8 pre, 0 delayed, 38 final, 36 finals saved; watching 401862710,401864443,401862773,401871047,401856800,401856688
2026-09-19 21:29:39 EDT final MSST 41 at SC 34 (401856691): 25 drives
2026-09-19 21:29:39 EDT 74 slate games: 28 live, 8 pre, 0 delayed, 38 final, 37 finals saved; watching 401862710,401864443,401862773,401871047,401856688,401858453
2026-09-19 21:30:36 EDT 74 slate games: 28 live, 8 pre, 0 delayed, 38 final, 37 finals saved; watching 401862710,401864443,401862773,401871047,401856688,401858453
2026-09-19 21:31:39 EDT 74 slate games: 27 live, 8 pre, 0 delayed, 39 final, 37 finals saved; watching 401864443,401862773,401871047,401856688,401858453,401856690
2026-09-19 21:32:39 EDT final FIU 10 at FAU 16 (401862771): 22 drives
2026-09-19 21:32:39 EDT 74 slate games: 28 live, 7 pre, 0 delayed, 39 final, 38 finals saved; watching 401862773,401864443,401871047,401856688,401858453,401856690
2026-09-19 21:33:36 EDT 74 slate games: 28 live, 7 pre, 0 delayed, 39 final, 38 finals saved; watching 401864443,401871047,401862773,401856688,401858453,401856690
2026-09-19 21:34:36 EDT 74 slate games: 28 live, 7 pre, 0 delayed, 39 final, 38 finals saved; watching 401864443,401871047,401862773,401856800,401856688,401858453
2026-09-19 21:35:37 EDT 74 slate games: 28 live, 7 pre, 0 delayed, 39 final, 38 finals saved; watching 401864443,401869948,401871047,401862773,401856800,401856688
2026-09-19 21:36:37 EDT 74 slate games: 28 live, 7 pre, 0 delayed, 39 final, 38 finals saved; watching 401864443,401871047,401869948,401862773,401856800,401856688
2026-09-19 21:37:39 EDT final ECU 20 at ODU 17 (401862710): 26 drives
2026-09-19 21:37:39 EDT 74 slate games: 28 live, 7 pre, 0 delayed, 39 final, 39 finals saved; watching 401864443,401869948,401871047,401856689,401862773,401856800
2026-09-19 21:38:36 EDT 74 slate games: 28 live, 7 pre, 0 delayed, 39 final, 39 finals saved; watching 401864443,401869948,401871047,401856689,401862773,401856800
2026-09-19 21:39:36 EDT 74 slate games: 28 live, 7 pre, 0 delayed, 39 final, 39 finals saved; watching 401864443,401869948,401871047,401856689,401862773,401856800
2026-09-19 21:40:37 EDT 74 slate games: 28 live, 7 pre, 0 delayed, 39 final, 39 finals saved; watching 401864443,401869948,401871047,401856689,401862773,401856800
2026-09-19 21:41:37 EDT 74 slate games: 28 live, 7 pre, 0 delayed, 39 final, 39 finals saved; watching 401864443,401869948,401871047,401856689,401862773,401856800
2026-09-19 21:42:38 EDT 74 slate games: 28 live, 7 pre, 0 delayed, 39 final, 39 finals saved; watching 401869948,401871047,401864443,401856689,401862773,401856800
2026-09-19 21:43:36 EDT 74 slate games: 28 live, 7 pre, 0 delayed, 39 final, 39 finals saved; watching 401871047,401864443,401869948,401856802,401856689,401862773
2026-09-19 21:44:36 EDT 74 slate games: 28 live, 7 pre, 0 delayed, 39 final, 39 finals saved; watching 401871047,401864443,401869948,401856802,401856689,401862773
2026-09-19 21:45:37 EDT 74 slate games: 28 live, 7 pre, 0 delayed, 39 final, 39 finals saved; watching 401871047,401864443,401869948,401856802,401856689,401862773
2026-09-19 21:46:37 EDT 74 slate games: 28 live, 7 pre, 0 delayed, 39 final, 39 finals saved; watching 401856800,401864443,401869948,401871047,401856689,401862773
2026-09-19 21:47:37 EDT 74 slate games: 28 live, 7 pre, 0 delayed, 39 final, 39 finals saved; watching 401856800,401864443,401869948,401871047,401856689,401862773
2026-09-19 21:48:36 EDT 74 slate games: 28 live, 7 pre, 0 delayed, 39 final, 39 finals saved; watching 401856800,401864443,401869948,401871047,401856689,401862773
2026-09-19 21:49:36 EDT 74 slate games: 28 live, 7 pre, 0 delayed, 39 final, 39 finals saved; watching 401864443,401869948,401871047,401856689,401862773,401856688
2026-09-19 21:50:36 EDT 74 slate games: 28 live, 7 pre, 0 delayed, 39 final, 39 finals saved; watching 401864443,401858453,401856688,401869948,401871047,401856689
2026-09-19 21:51:36 EDT 74 slate games: 28 live, 7 pre, 0 delayed, 39 final, 39 finals saved; watching 401864443,401858453,401869948,401871047,401856689,401862773
2026-09-19 21:52:36 EDT 74 slate games: 28 live, 7 pre, 0 delayed, 39 final, 39 finals saved; watching 401869948,401871047,401856689,401864443,401862773,401858453
2026-09-19 21:53:36 EDT 74 slate games: 28 live, 7 pre, 0 delayed, 39 final, 39 finals saved; watching 401858453,401869948,401871047,401856689,401864443,401862773
2026-09-19 21:54:37 EDT 74 slate games: 28 live, 7 pre, 0 delayed, 39 final, 39 finals saved; watching 401858453,401869948,401871047,401856689,401864443,401862773
2026-09-19 21:55:37 EDT 74 slate games: 28 live, 7 pre, 0 delayed, 39 final, 39 finals saved; watching 401856688,401858453,401869948,401871047,401856689,401864443
2026-09-19 21:56:36 EDT 74 slate games: 28 live, 7 pre, 0 delayed, 39 final, 39 finals saved; watching 401856688,401858453,401869948,401871047,401856689,401864443
2026-09-19 21:57:36 EDT 74 slate games: 27 live, 7 pre, 0 delayed, 40 final, 39 finals saved; watching 401856688,401862773,401858453,401869948,401856689,401864443
2026-09-19 21:58:36 EDT 74 slate games: 27 live, 7 pre, 0 delayed, 40 final, 39 finals saved; watching 401869948,401862773,401856688,401856689,401864443,401856690
2026-09-19 21:59:37 EDT 74 slate games: 27 live, 7 pre, 0 delayed, 40 final, 39 finals saved; watching 401869948,401856689,401862773,401856688,401864443,401856690
2026-09-19 22:00:37 EDT 74 slate games: 27 live, 7 pre, 0 delayed, 40 final, 39 finals saved; watching 401869948,401856689,401862773,401856688,401864443,401856690
2026-09-19 22:01:36 EDT 74 slate games: 27 live, 7 pre, 0 delayed, 40 final, 39 finals saved; watching 401869948,401862773,401856688,401864443,401856693,401856690
2026-09-19 22:02:36 EDT 74 slate games: 27 live, 7 pre, 0 delayed, 40 final, 39 finals saved; watching 401869948,401862773,401856688,401864443,401856690,401856802
2026-09-19 22:03:39 EDT final MRSH 30 at MOST 24 (401871047): 19 drives
2026-09-19 22:03:39 EDT 74 slate games: 27 live, 7 pre, 0 delayed, 40 final, 40 finals saved; watching 401869948,401862773,401856802,401856688,401858453,401864443
2026-09-19 22:04:36 EDT 74 slate games: 27 live, 7 pre, 0 delayed, 40 final, 40 finals saved; watching 401869948,401856688,401862773,401864443,401856690,401856799
2026-09-19 22:05:36 EDT 74 slate games: 27 live, 7 pre, 0 delayed, 40 final, 40 finals saved; watching 401869948,401856688,401856802,401864443,401856690,401856799
2026-09-19 22:06:36 EDT 74 slate games: 27 live, 7 pre, 0 delayed, 40 final, 40 finals saved; watching 401856688,401869948,401856802,401864443,401856690,401856799
2026-09-19 22:07:37 EDT 74 slate games: 26 live, 7 pre, 0 delayed, 41 final, 40 finals saved; watching 401869948,401856688,401856802,401864443,401856690,401866423
2026-09-19 22:08:36 EDT 74 slate games: 26 live, 7 pre, 0 delayed, 41 final, 40 finals saved; watching 401856688,401869948,401856802,401864443,401856690,401866423
2026-09-19 22:09:37 EDT 74 slate games: 26 live, 6 pre, 0 delayed, 42 final, 40 finals saved; watching 401856688,401856802,401864443,401856690,401856799,401858453
2026-09-19 22:10:39 EDT 74 slate games: 26 live, 6 pre, 0 delayed, 42 final, 40 finals saved; watching 401856802,401856688,401864443,401856690,401858453,401856799
2026-09-19 22:11:37 EDT 74 slate games: 26 live, 6 pre, 0 delayed, 42 final, 40 finals saved; watching 401856802,401856688,401864443,401856690,401858453,401856799
2026-09-19 22:12:36 EDT 74 slate games: 25 live, 6 pre, 0 delayed, 43 final, 40 finals saved; watching 401856802,401856688,401864443,401856690,401856689,401856693
2026-09-19 22:13:41 EDT final MUR 0 at OKST 59 (401856803): 24 drives
2026-09-19 22:13:41 EDT 74 slate games: 25 live, 6 pre, 0 delayed, 43 final, 41 finals saved; watching 401856802,401856688,401864443,401856800,401856693,401856690
2026-09-19 22:14:37 EDT 74 slate games: 25 live, 6 pre, 0 delayed, 43 final, 41 finals saved; watching 401856802,401856688,401864443,401856800,401856693,401856690
2026-09-19 22:15:39 EDT final GASO 27 at JXST 31 (401869948): 20 drives
2026-09-19 22:15:39 EDT 74 slate games: 25 live, 6 pre, 0 delayed, 43 final, 42 finals saved; watching 401856802,401856688,401862773,401864443,401856800,401856693
2026-09-19 22:16:37 EDT 74 slate games: 24 live, 6 pre, 0 delayed, 44 final, 42 finals saved; watching 401856802,401856688,401862773,401856800,401856690,401866423
2026-09-19 22:17:36 EDT 74 slate games: 25 live, 5 pre, 0 delayed, 44 final, 42 finals saved; watching 401856802,401856688,401862773,401856800,401856690,401866423
2026-09-19 22:18:39 EDT final UND 7 at NEB 34 (401858452): 21 drives
2026-09-19 22:18:39 EDT 74 slate games: 24 live, 5 pre, 0 delayed, 45 final, 43 finals saved; watching 401856802,401856688,401856800,401856690,401866423,401860887
2026-09-19 22:19:36 EDT 74 slate games: 23 live, 5 pre, 0 delayed, 46 final, 43 finals saved; watching 401856802,401856688,401856800,401856690,401866423,401860887
2026-09-19 22:20:37 EDT 74 slate games: 23 live, 5 pre, 0 delayed, 46 final, 43 finals saved; watching 401856800,401856690,401856802,401856688,401866423,401860887
2026-09-19 22:21:40 EDT final NEV 20 at MTSU 27 (401864443): 21 drives
2026-09-19 22:21:40 EDT 74 slate games: 23 live, 5 pre, 0 delayed, 46 final, 44 finals saved; watching 401856688,401856802,401856800,401856690,401866423,401856799
2026-09-19 22:22:36 EDT 74 slate games: 23 live, 5 pre, 0 delayed, 46 final, 44 finals saved; watching 401856802,401856688,401856800,401856690,401856799,401856689
2026-09-19 22:23:40 EDT final WMU 28 at RICE 21 (401862773): 20 drives
2026-09-19 22:23:40 EDT 74 slate games: 23 live, 5 pre, 0 delayed, 46 final, 45 finals saved; watching 401856688,401856800,401856690,401856802,401856799,401856689
2026-09-19 22:24:39 EDT final UTM 21 at MEM 45 (401862772): 19 drives
2026-09-19 22:24:39 EDT 74 slate games: 22 live, 5 pre, 0 delayed, 47 final, 46 finals saved; watching 401856688,401856690,401856689,401856802,401856687,401864574
2026-09-19 22:25:36 EDT 74 slate games: 22 live, 5 pre, 0 delayed, 47 final, 46 finals saved; watching 401856688,401856690,401856689,401860885,401856802,401856687
2026-09-19 22:26:36 EDT 74 slate games: 21 live, 5 pre, 0 delayed, 48 final, 46 finals saved; watching 401856688,401856690,401860885,401856802,401864574,401858453
2026-09-19 22:27:37 EDT 74 slate games: 21 live, 5 pre, 0 delayed, 48 final, 46 finals saved; watching 401856688,401856690,401856802,401864574,401858453,401856693
2026-09-19 22:28:36 EDT 74 slate games: 21 live, 5 pre, 0 delayed, 48 final, 46 finals saved; watching 401856688,401856690,401864574,401856693,401856802,401858453
2026-09-19 22:29:41 EDT final CONN 48 at USM 20 (401861963): 26 drives
2026-09-19 22:29:41 EDT 74 slate games: 21 live, 5 pre, 0 delayed, 48 final, 47 finals saved; watching 401856688,401856690,401864574,401856693,401856800,401856802
2026-09-19 22:30:37 EDT 74 slate games: 21 live, 5 pre, 0 delayed, 48 final, 47 finals saved; watching 401856688,401866423,401856690,401864574,401856693,401856802
2026-09-19 22:31:39 EDT final TROY 17 at MIZ 27 (401856689): 26 drives
2026-09-19 22:31:39 EDT 74 slate games: 21 live, 5 pre, 0 delayed, 48 final, 48 finals saved; watching 401856688,401866423,401856690,401864574,401856693,401858232
2026-09-19 22:32:37 EDT 74 slate games: 21 live, 5 pre, 0 delayed, 48 final, 48 finals saved; watching 401856688,401866423,401856690,401864574,401858232,401856802
2026-09-19 22:33:38 EDT 74 slate games: 21 live, 5 pre, 0 delayed, 48 final, 48 finals saved; watching 401856688,401866423,401856690,401856802,401864574,401858232
2026-09-19 22:34:38 EDT 74 slate games: 20 live, 5 pre, 0 delayed, 49 final, 48 finals saved; watching 401856688,401866423,401856690,401858453,401856799,401862776
2026-09-19 22:35:38 EDT 74 slate games: 19 live, 5 pre, 0 delayed, 50 final, 48 finals saved; watching 401856688,401866423,401862776,401856687,401856690,401858232
2026-09-19 22:36:38 EDT 74 slate games: 18 live, 5 pre, 0 delayed, 51 final, 48 finals saved; watching 401856688,401866423,401856687,401856690,401856802,401862776
2026-09-19 22:37:37 EDT 74 slate games: 18 live, 5 pre, 0 delayed, 51 final, 48 finals saved; watching 401856688,401866423,401862776,401856687,401856690,401856802
2026-09-19 22:38:37 EDT 74 slate games: 18 live, 5 pre, 0 delayed, 51 final, 48 finals saved; watching 401856688,401866423,401862776,401856687,401856690,401856802
2026-09-19 22:39:36 EDT 74 slate games: 17 live, 5 pre, 0 delayed, 52 final, 48 finals saved; watching 401856688,401866423,401856690,401856802,401862776,401858453
2026-09-19 22:40:39 EDT final GAST 30 at UCF 44 (401856800): 25 drives
2026-09-19 22:40:39 EDT 74 slate games: 17 live, 5 pre, 0 delayed, 52 final, 49 finals saved; watching 401856688,401866423,401856690,401856802,401862776,401858453
2026-09-19 22:41:39 EDT final NICH 0 at SHSU 59 (401870764): 29 drives
2026-09-19 22:41:39 EDT 74 slate games: 17 live, 5 pre, 0 delayed, 52 final, 50 finals saved; watching 401856688,401866423,401856690,401862776,401858453,401856693
2026-09-19 22:42:39 EDT final EWU 16 at WASH 48 (401858459): 23 drives
2026-09-19 22:42:39 EDT 74 slate games: 17 live, 4 pre, 0 delayed, 53 final, 51 finals saved; watching 401856688,401856690,401858453,401856693,401856802,401864507
2026-09-19 22:43:36 EDT 74 slate games: 17 live, 4 pre, 0 delayed, 53 final, 51 finals saved; watching 401856688,401856690,401858453,401856693,401856802,401864507
2026-09-19 22:44:39 EDT final FLA 44 at AUB 39 (401856687): 22 drives
2026-09-19 22:44:39 EDT 74 slate games: 16 live, 4 pre, 0 delayed, 54 final, 52 finals saved; watching 401856688,401856690,401856693,401856802,401864507,401864574
2026-09-19 22:45:38 EDT 74 slate games: 15 live, 4 pre, 0 delayed, 55 final, 52 finals saved; watching 401856688,401860885,401864507,401856693,401856802,401864574
2026-09-19 22:46:37 EDT 74 slate games: 15 live, 4 pre, 0 delayed, 55 final, 52 finals saved; watching 401856688,401856802,401856799,401860885,401856693,401864574
2026-09-19 22:47:36 EDT 74 slate games: 14 live, 4 pre, 0 delayed, 56 final, 52 finals saved; watching 401856688,401856799,401860885,401856693,401856802,401864574
2026-09-19 22:48:39 EDT final OHIO 36 at USA 41 (401866423): 21 drives
2026-09-19 22:48:39 EDT 74 slate games: 15 live, 3 pre, 0 delayed, 56 final, 53 finals saved; watching 401856688,401856693,401856799,401862776,401860885,401856802
2026-09-19 22:49:36 EDT 74 slate games: 15 live, 3 pre, 0 delayed, 56 final, 53 finals saved; watching 401856688,401862776,401856693,401860885,401856802,401856793
2026-09-19 22:50:39 EDT final MSU 10 at ND 27 (401858453): 19 drives
2026-09-19 22:50:39 EDT 74 slate games: 15 live, 3 pre, 0 delayed, 56 final, 54 finals saved; watching 401856688,401862776,401856693,401856802,401856795,401860885
2026-09-19 22:51:39 EDT final UNM 6 at OU 14 (401856690): 20 drives
2026-09-19 22:51:39 EDT 74 slate games: 15 live, 3 pre, 0 delayed, 56 final, 55 finals saved; watching 401856688,401862776,401856802,401860887,401856693,401860885
2026-09-19 22:52:39 EDT final COLO 7 at NU 41 (401856796): 25 drives
2026-09-19 22:52:39 EDT 74 slate games: 15 live, 3 pre, 0 delayed, 56 final, 56 finals saved; watching 401856688,401862776,401856802,401860885,401864574,401858232
2026-09-19 22:53:36 EDT 74 slate games: 15 live, 3 pre, 0 delayed, 56 final, 56 finals saved; watching 401856688,401856802,401862776,401864574,401860885,401864507
2026-09-19 22:54:36 EDT 74 slate games: 15 live, 3 pre, 0 delayed, 56 final, 56 finals saved; watching 401856688,401856802,401862776,401864574,401864507,401856795
2026-09-19 22:55:36 EDT 74 slate games: 14 live, 3 pre, 0 delayed, 57 final, 56 finals saved; watching 401856688,401856802,401862776,401864574,401860885,401856795
2026-09-19 22:56:37 EDT 74 slate games: 14 live, 3 pre, 0 delayed, 57 final, 56 finals saved; watching 401856688,401856802,401862776,401864574,401860885,401856795
2026-09-19 22:57:36 EDT 74 slate games: 14 live, 3 pre, 0 delayed, 57 final, 56 finals saved; watching 401856688,401856802,401862776,401858232,401864574,401856795
2026-09-19 22:58:36 EDT 74 slate games: 14 live, 3 pre, 0 delayed, 57 final, 56 finals saved; watching 401856688,401862776,401858232,401856802,401864574,401856795
2026-09-19 22:59:36 EDT 74 slate games: 14 live, 3 pre, 0 delayed, 57 final, 56 finals saved; watching 401856688,401862776,401858232,401856802,401864574,401856795
2026-09-19 23:00:36 EDT 74 slate games: 13 live, 3 pre, 0 delayed, 58 final, 56 finals saved; watching 401856688,401862776,401864574,401858232,401856795,401860885
2026-09-19 23:01:39 EDT final DSU 17 at USF 59 (401862777): 23 drives
2026-09-19 23:01:39 EDT 74 slate games: 13 live, 3 pre, 0 delayed, 58 final, 57 finals saved; watching 401856688,401862776,401864574,401858232,401856795,401860885
2026-09-19 23:02:36 EDT 74 slate games: 14 live, 2 pre, 0 delayed, 58 final, 57 finals saved; watching 401856688,401862776,401858232,401864574,401860885,401858458
2026-09-19 23:03:36 EDT 74 slate games: 14 live, 2 pre, 0 delayed, 58 final, 57 finals saved; watching 401856688,401862776,401858232,401864574,401860885,401858458
2026-09-19 23:04:36 EDT 74 slate games: 14 live, 2 pre, 0 delayed, 58 final, 57 finals saved; watching 401856688,401862776,401858232,401864574,401856793,401860885
2026-09-19 23:05:36 EDT 74 slate games: 15 live, 1 pre, 0 delayed, 58 final, 57 finals saved; watching 401856688,401862776,401858232,401856795,401864574,401856793
2026-09-19 23:06:39 EDT final WVU 38 at UVA 27 (401856802): 26 drives
2026-09-19 23:06:39 EDT 74 slate games: 16 live, 0 pre, 0 delayed, 58 final, 58 finals saved; watching 401856688,401862776,401858458,401860885,401858232,401856795
2026-09-19 23:07:36 EDT 74 slate games: 15 live, 0 pre, 0 delayed, 59 final, 58 finals saved; watching 401856688,401862776,401860885,401858458,401858232,401856795
2026-09-19 23:08:36 EDT 74 slate games: 15 live, 0 pre, 0 delayed, 59 final, 58 finals saved; watching 401856688,401862776,401860885,401858232,401864574,401856795
2026-09-19 23:09:36 EDT 74 slate games: 15 live, 0 pre, 0 delayed, 59 final, 58 finals saved; watching 401856688,401862776,401858232,401864574,401856795,401856793
2026-09-19 23:10:36 EDT 74 slate games: 14 live, 0 pre, 0 delayed, 60 final, 58 finals saved; watching 401856688,401862776,401860885,401858232,401864574,401856795
2026-09-19 23:11:36 EDT 74 slate games: 14 live, 0 pre, 0 delayed, 60 final, 58 finals saved; watching 401856688,401862776,401860886,401860885,401858232,401864574
2026-09-19 23:12:39 EDT final KENN 9 at TENN 42 (401856692): 21 drives
2026-09-19 23:12:39 EDT 74 slate games: 14 live, 0 pre, 0 delayed, 60 final, 59 finals saved; watching 401856688,401862776,401858458,401860885,401858232,401864574
2026-09-19 23:13:36 EDT 74 slate games: 14 live, 0 pre, 0 delayed, 60 final, 59 finals saved; watching 401856688,401862776,401860885,401858232,401864574,401856793
2026-09-19 23:14:36 EDT 74 slate games: 14 live, 0 pre, 0 delayed, 60 final, 59 finals saved; watching 401856688,401862776,401860885,401858232,401864574,401856793
2026-09-19 23:15:39 EDT final ARST 7 at TCU 31 (401856799): 22 drives
2026-09-19 23:15:39 EDT 74 slate games: 14 live, 0 pre, 0 delayed, 60 final, 60 finals saved; watching 401856688,401862776,401860885,401858232,401864574,401856793
2026-09-19 23:16:36 EDT 74 slate games: 13 live, 0 pre, 0 delayed, 61 final, 60 finals saved; watching 401856688,401862776,401860885,401858232,401864574,401856795
2026-09-19 23:17:36 EDT 74 slate games: 13 live, 0 pre, 0 delayed, 61 final, 60 finals saved; watching 401856688,401862776,401860885,401858232,401864574,401856795
2026-09-19 23:18:36 EDT 74 slate games: 10 live, 0 pre, 0 delayed, 64 final, 60 finals saved; watching 401856688,401860885,401864574,401856795,401856793,401858458
2026-09-19 23:19:36 EDT 74 slate games: 10 live, 0 pre, 0 delayed, 64 final, 60 finals saved; watching 401856688,401860885,401864574,401856795,401856793,401858458
2026-09-19 23:20:36 EDT 74 slate games: 10 live, 0 pre, 0 delayed, 64 final, 60 finals saved; watching 401856688,401860885,401864574,401856795,401856793,401858458
2026-09-19 23:21:36 EDT 74 slate games: 10 live, 0 pre, 0 delayed, 64 final, 60 finals saved; watching 401856688,401856795,401858458,401860885,401864574,401856793
2026-09-19 23:22:39 EDT final UTSA 6 at TEX 30 (401856693): 24 drives
2026-09-19 23:22:39 EDT 74 slate games: 10 live, 0 pre, 0 delayed, 64 final, 61 finals saved; watching 401856688,401864574,401856795,401860885,401856793,401860888
2026-09-19 23:23:39 EDT final UAB 14 at UL 21 (401862776): 25 drives
2026-09-19 23:23:42 EDT final VT 35 at MD 26 (401858232): 18 drives
2026-09-19 23:23:45 EDT final ETAM 0 at TLSA 42 (401862775): 26 drives
2026-09-19 23:23:45 EDT 74 slate games: 10 live, 0 pre, 0 delayed, 64 final, 64 finals saved; watching 401856688,401864574,401856795,401860885,401856793,401860888
2026-09-19 23:24:36 EDT 74 slate games: 10 live, 0 pre, 0 delayed, 64 final, 64 finals saved; watching 401856688,401860885,401864574,401856795,401856793,401860888
2026-09-19 23:25:36 EDT 74 slate games: 10 live, 0 pre, 0 delayed, 64 final, 64 finals saved; watching 401856688,401864574,401860885,401856795,401856793,401860888
2026-09-19 23:26:36 EDT 74 slate games: 10 live, 0 pre, 0 delayed, 64 final, 64 finals saved; watching 401856688,401864574,401856795,401856793,401860885,401860888
2026-09-19 23:27:36 EDT 74 slate games: 10 live, 0 pre, 0 delayed, 64 final, 64 finals saved; watching 401856688,401864574,401856795,401856793,401860885,401860888
2026-09-19 23:28:36 EDT 74 slate games: 9 live, 0 pre, 0 delayed, 65 final, 64 finals saved; watching 401864574,401860886,401856793,401860885,401860888,401856795
2026-09-19 23:29:37 EDT 74 slate games: 8 live, 0 pre, 0 delayed, 66 final, 64 finals saved; watching 401864574,401856793,401860885,401860888,401858458,401860887
2026-09-19 23:30:37 EDT 74 slate games: 8 live, 0 pre, 0 delayed, 66 final, 64 finals saved; watching 401864574,401856793,401860885,401860888,401858458,401860887
2026-09-19 23:31:36 EDT 74 slate games: 8 live, 0 pre, 0 delayed, 66 final, 64 finals saved; watching 401864574,401856793,401860885,401860888,401858458,401860887
2026-09-19 23:32:37 EDT 74 slate games: 8 live, 0 pre, 0 delayed, 66 final, 64 finals saved; watching 401864574,401856793,401860885,401860888,401858458,401860887
2026-09-19 23:33:39 EDT final LSU 24 at MISS 32 (401856688): 20 drives
2026-09-19 23:33:39 EDT 74 slate games: 8 live, 0 pre, 0 delayed, 66 final, 65 finals saved; watching 401858458,401864574,401856793,401860885,401860888,401860887
2026-09-19 23:34:40 EDT final BYU 41 at CSU 23 (401856795): 23 drives
2026-09-19 23:34:40 EDT 74 slate games: 8 live, 0 pre, 0 delayed, 66 final, 66 finals saved; watching 401864574,401858458,401856793,401860885,401860888,401860887
2026-09-19 23:35:36 EDT 74 slate games: 8 live, 0 pre, 0 delayed, 66 final, 66 finals saved; watching 401864574,401858458,401856793,401860885,401860888,401860887
2026-09-19 23:36:36 EDT 74 slate games: 8 live, 0 pre, 0 delayed, 66 final, 66 finals saved; watching 401864574,401856793,401860885,401860888,401860887,401860886
2026-09-19 23:37:38 EDT 74 slate games: 8 live, 0 pre, 0 delayed, 66 final, 66 finals saved; watching 401864574,401856793,401860888,401860885,401860887,401860886
2026-09-19 23:38:37 EDT 74 slate games: 8 live, 0 pre, 0 delayed, 66 final, 66 finals saved; watching 401864574,401856793,401860885,401860888,401860887,401860886
2026-09-19 23:39:36 EDT 74 slate games: 8 live, 0 pre, 0 delayed, 66 final, 66 finals saved; watching 401864574,401856793,401860888,401860885,401860887,401860886
2026-09-19 23:40:37 EDT 74 slate games: 8 live, 0 pre, 0 delayed, 66 final, 66 finals saved; watching 401856793,401860888,401860885,401864574,401860887,401860886
2026-09-19 23:41:36 EDT 74 slate games: 8 live, 0 pre, 0 delayed, 66 final, 66 finals saved; watching 401860887,401856793,401860888,401860885,401864574,401860886
2026-09-19 23:42:36 EDT 74 slate games: 8 live, 0 pre, 0 delayed, 66 final, 66 finals saved; watching 401856793,401860888,401860885,401864574,401860887,401860886
2026-09-19 23:43:36 EDT 74 slate games: 8 live, 0 pre, 0 delayed, 66 final, 66 finals saved; watching 401856793,401860888,401860885,401864574,401860887,401864507
2026-09-19 23:44:36 EDT 74 slate games: 8 live, 0 pre, 0 delayed, 66 final, 66 finals saved; watching 401860887,401856793,401860888,401860885,401864574,401864507
2026-09-19 23:45:36 EDT 74 slate games: 8 live, 0 pre, 0 delayed, 66 final, 66 finals saved; watching 401860888,401860887,401860885,401864574,401856793,401864507
2026-09-19 23:46:36 EDT 74 slate games: 8 live, 0 pre, 0 delayed, 66 final, 66 finals saved; watching 401860888,401860887,401860885,401864574,401856793,401864507
2026-09-19 23:47:37 EDT 74 slate games: 8 live, 0 pre, 0 delayed, 66 final, 66 finals saved; watching 401860886,401860888,401860887,401860885,401864574,401856793
2026-09-19 23:48:36 EDT 74 slate games: 8 live, 0 pre, 0 delayed, 66 final, 66 finals saved; watching 401858458,401860888,401860887,401860885,401864574,401856793
2026-09-19 23:49:36 EDT 74 slate games: 8 live, 0 pre, 0 delayed, 66 final, 66 finals saved; watching 401858458,401860888,401860885,401864574,401856793,401860886
2026-09-19 23:50:36 EDT 74 slate games: 8 live, 0 pre, 0 delayed, 66 final, 66 finals saved; watching 401858458,401860888,401860885,401864574,401856793,401860886
2026-09-19 23:51:36 EDT 74 slate games: 8 live, 0 pre, 0 delayed, 66 final, 66 finals saved; watching 401860888,401860885,401864574,401858458,401856793,401860886
2026-09-19 23:52:36 EDT 74 slate games: 8 live, 0 pre, 0 delayed, 66 final, 66 finals saved; watching 401860888,401860885,401864574,401858458,401860886,401856793
2026-09-19 23:53:37 EDT 74 slate games: 8 live, 0 pre, 0 delayed, 66 final, 66 finals saved; watching 401864574,401860888,401860885,401858458,401860886,401856793
2026-09-19 23:54:36 EDT 74 slate games: 8 live, 0 pre, 0 delayed, 66 final, 66 finals saved; watching 401864574,401860888,401860885,401858458,401860886,401856793
2026-09-19 23:55:37 EDT 74 slate games: 8 live, 0 pre, 0 delayed, 66 final, 66 finals saved; watching 401864574,401860888,401860885,401858458,401860886,401856793
2026-09-19 23:56:37 EDT 74 slate games: 8 live, 0 pre, 0 delayed, 66 final, 66 finals saved; watching 401860888,401860885,401858458,401860886,401864574,401856793
2026-09-19 23:57:37 EDT 74 slate games: 8 live, 0 pre, 0 delayed, 66 final, 66 finals saved; watching 401860888,401860885,401858458,401860886,401864574,401856793
2026-09-19 23:58:37 EDT 74 slate games: 8 live, 0 pre, 0 delayed, 66 final, 66 finals saved; watching 401860888,401860885,401858458,401860886,401864574,401856793
2026-09-19 23:59:36 EDT 74 slate games: 8 live, 0 pre, 0 delayed, 66 final, 66 finals saved; watching 401860888,401860885,401858458,401860886,401864574,401856793
2026-09-20 00:00:37 EDT 74 slate games: 8 live, 0 pre, 0 delayed, 66 final, 66 finals saved; watching 401860888,401860885,401858458,401860886,401864574,401856793
2026-09-20 00:01:36 EDT 74 slate games: 8 live, 0 pre, 0 delayed, 66 final, 66 finals saved; watching 401860888,401860885,401858458,401860886,401864574,401856793
2026-09-20 00:02:36 EDT 74 slate games: 8 live, 0 pre, 0 delayed, 66 final, 66 finals saved; watching 401860888,401860885,401858458,401864574,401856793,401860886
2026-09-20 00:03:37 EDT 74 slate games: 8 live, 0 pre, 0 delayed, 66 final, 66 finals saved; watching 401860888,401860885,401858458,401864574,401856793,401860886
2026-09-20 00:04:37 EDT 74 slate games: 8 live, 0 pre, 0 delayed, 66 final, 66 finals saved; watching 401860888,401860885,401864574,401858458,401856793,401860886
2026-09-20 00:05:37 EDT 74 slate games: 8 live, 0 pre, 0 delayed, 66 final, 66 finals saved; watching 401860888,401860885,401864574,401858458,401856793,401860886
2026-09-20 00:06:37 EDT 74 slate games: 8 live, 0 pre, 0 delayed, 66 final, 66 finals saved; watching 401860888,401860885,401864574,401858458,401856793,401860886
2026-09-20 00:07:37 EDT 74 slate games: 8 live, 0 pre, 0 delayed, 66 final, 66 finals saved; watching 401858458,401864574,401860888,401860885,401856793,401860886
2026-09-20 00:08:36 EDT 74 slate games: 8 live, 0 pre, 0 delayed, 66 final, 66 finals saved; watching 401864574,401860888,401860885,401858458,401856793,401860886
2026-09-20 00:09:37 EDT 74 slate games: 8 live, 0 pre, 0 delayed, 66 final, 66 finals saved; watching 401864574,401860888,401860885,401858458,401856793,401860886
2026-09-20 00:10:37 EDT 74 slate games: 8 live, 0 pre, 0 delayed, 66 final, 66 finals saved; watching 401864574,401860888,401860885,401858458,401856793,401860886
2026-09-20 00:11:37 EDT 74 slate games: 8 live, 0 pre, 0 delayed, 66 final, 66 finals saved; watching 401860888,401864574,401860885,401858458,401856793,401860886
2026-09-20 00:12:37 EDT 74 slate games: 8 live, 0 pre, 0 delayed, 66 final, 66 finals saved; watching 401860888,401864574,401860886,401860885,401858458,401856793
2026-09-20 00:13:37 EDT 74 slate games: 8 live, 0 pre, 0 delayed, 66 final, 66 finals saved; watching 401860888,401864574,401860885,401858458,401856793,401860887
2026-09-20 00:14:37 EDT 74 slate games: 8 live, 0 pre, 0 delayed, 66 final, 66 finals saved; watching 401860888,401864574,401860885,401858458,401856793,401860887
2026-09-20 00:15:37 EDT 74 slate games: 8 live, 0 pre, 0 delayed, 66 final, 66 finals saved; watching 401860888,401864574,401860885,401858458,401856793,401860887
2026-09-20 00:16:37 EDT 74 slate games: 8 live, 0 pre, 0 delayed, 66 final, 66 finals saved; watching 401860888,401864574,401858458,401860885,401856793,401860887
2026-09-20 00:17:37 EDT 74 slate games: 8 live, 0 pre, 0 delayed, 66 final, 66 finals saved; watching 401860888,401864574,401860885,401858458,401856793,401860887
2026-09-20 00:18:37 EDT 74 slate games: 8 live, 0 pre, 0 delayed, 66 final, 66 finals saved; watching 401860888,401864574,401858458,401860885,401856793,401860887
2026-09-20 00:19:37 EDT 74 slate games: 8 live, 0 pre, 0 delayed, 66 final, 66 finals saved; watching 401860888,401864574,401858458,401860885,401856793,401860887
2026-09-20 00:20:37 EDT 74 slate games: 8 live, 0 pre, 0 delayed, 66 final, 66 finals saved; watching 401860888,401864574,401858458,401860885,401856793,401860887
2026-09-20 00:21:37 EDT 74 slate games: 8 live, 0 pre, 0 delayed, 66 final, 66 finals saved; watching 401860888,401864574,401858458,401860885,401856793,401860887
2026-09-20 00:22:37 EDT 74 slate games: 8 live, 0 pre, 0 delayed, 66 final, 66 finals saved; watching 401858458,401860888,401864574,401860885,401856793,401860887
2026-09-20 00:23:37 EDT 74 slate games: 8 live, 0 pre, 0 delayed, 66 final, 66 finals saved; watching 401858458,401860888,401864574,401860885,401856793,401860887
2026-09-20 00:24:36 EDT 74 slate games: 8 live, 0 pre, 0 delayed, 66 final, 66 finals saved; watching 401860888,401858458,401864574,401860885,401856793,401860887
2026-09-20 00:25:37 EDT 74 slate games: 8 live, 0 pre, 0 delayed, 66 final, 66 finals saved; watching 401858458,401860888,401864574,401860885,401856793,401860887
2026-09-20 00:26:37 EDT 74 slate games: 8 live, 0 pre, 0 delayed, 66 final, 66 finals saved; watching 401858458,401860888,401864574,401860885,401856793,401860887
2026-09-20 00:27:37 EDT 74 slate games: 8 live, 0 pre, 0 delayed, 66 final, 66 finals saved; watching 401864574,401860885,401860888,401858458,401856793,401860887
2026-09-20 00:28:38 EDT 74 slate games: 8 live, 0 pre, 0 delayed, 66 final, 66 finals saved; watching 401864574,401860885,401860888,401858458,401860887,401856793
2026-09-20 00:29:37 EDT 74 slate games: 8 live, 0 pre, 0 delayed, 66 final, 66 finals saved; watching 401864574,401860885,401860888,401858458,401860887,401860886
2026-09-20 00:30:38 EDT 74 slate games: 8 live, 0 pre, 0 delayed, 66 final, 66 finals saved; watching 401864574,401860885,401858458,401860888,401860887,401856793
2026-09-20 00:31:38 EDT 74 slate games: 8 live, 0 pre, 0 delayed, 66 final, 66 finals saved; watching 401864574,401860888,401860885,401858458,401860887,401856793
2026-09-20 00:32:37 EDT 74 slate games: 8 live, 0 pre, 0 delayed, 66 final, 66 finals saved; watching 401864574,401860888,401860885,401858458,401860887,401856793
2026-09-20 00:33:37 EDT 74 slate games: 8 live, 0 pre, 0 delayed, 66 final, 66 finals saved; watching 401864574,401860885,401858458,401860888,401860887,401856793
2026-09-20 00:34:41 EDT 74 slate games: 7 live, 0 pre, 0 delayed, 67 final, 66 finals saved; watching 401858458,401860888,401860885,401860887,401856793,401860886
2026-09-20 00:35:39 EDT 74 slate games: 7 live, 0 pre, 0 delayed, 67 final, 66 finals saved; watching 401858458,401860888,401860885,401860887,401860886,401856793
2026-09-20 00:36:37 EDT 74 slate games: 7 live, 0 pre, 0 delayed, 67 final, 66 finals saved; watching 401858458,401860885,401860888,401860887,401860886,401856793
2026-09-20 00:37:37 EDT 74 slate games: 7 live, 0 pre, 0 delayed, 67 final, 66 finals saved; watching 401860885,401858458,401860888,401860887,401860886,401856793
2026-09-20 00:38:37 EDT 74 slate games: 7 live, 0 pre, 0 delayed, 67 final, 66 finals saved; watching 401860885,401858458,401860888,401860887,401860886,401856793
2026-09-20 00:39:37 EDT 74 slate games: 7 live, 0 pre, 0 delayed, 67 final, 66 finals saved; watching 401860885,401858458,401860888,401860887,401860886,401856793
2026-09-20 00:40:40 EDT final CLT 21 at APP 26 (401864574): 23 drives
2026-09-20 00:40:40 EDT 74 slate games: 7 live, 0 pre, 0 delayed, 67 final, 67 finals saved; watching 401860885,401858458,401860888,401860887,401856793,401860886
2026-09-20 00:41:37 EDT 74 slate games: 7 live, 0 pre, 0 delayed, 67 final, 67 finals saved; watching 401860885,401858458,401860888,401860887,401856793,401860886
2026-09-20 00:42:37 EDT 74 slate games: 7 live, 0 pre, 0 delayed, 67 final, 67 finals saved; watching 401860885,401858458,401860888,401860887,401856793,401860886
2026-09-20 00:43:37 EDT 74 slate games: 7 live, 0 pre, 0 delayed, 67 final, 67 finals saved; watching 401860885,401858458,401860888,401860887,401856793,401860886
2026-09-20 00:44:37 EDT 74 slate games: 7 live, 0 pre, 0 delayed, 67 final, 67 finals saved; watching 401860885,401858458,401860888,401860887,401856793,401860886
2026-09-20 00:45:37 EDT 74 slate games: 7 live, 0 pre, 0 delayed, 67 final, 67 finals saved; watching 401860885,401858458,401860888,401860887,401856793,401860886
2026-09-20 00:46:38 EDT 74 slate games: 7 live, 0 pre, 0 delayed, 67 final, 67 finals saved; watching 401860885,401858458,401860888,401860887,401856793,401860886
2026-09-20 00:47:37 EDT 74 slate games: 7 live, 0 pre, 0 delayed, 67 final, 67 finals saved; watching 401860885,401858458,401860888,401860887,401856793,401860886
2026-09-20 00:48:37 EDT 74 slate games: 7 live, 0 pre, 0 delayed, 67 final, 67 finals saved; watching 401860885,401858458,401860888,401860887,401856793,401860886
2026-09-20 00:49:37 EDT 74 slate games: 7 live, 0 pre, 0 delayed, 67 final, 67 finals saved; watching 401860885,401858458,401860888,401860887,401856793,401860886
2026-09-20 00:50:52 EDT fetch failed (URLError: <urlopen error _ssl.c:1064: The handshake operation timed out>); retrying in 15s
2026-09-20 00:51:26 EDT 74 slate games: 7 live, 0 pre, 0 delayed, 67 final, 67 finals saved; watching 401860885,401858458,401860888,401860887,401856793,401860886
2026-09-20 00:52:25 EDT 74 slate games: 7 live, 0 pre, 0 delayed, 67 final, 67 finals saved; watching 401860885,401858458,401860888,401860887,401856793,401860886
2026-09-20 00:53:25 EDT 74 slate games: 7 live, 0 pre, 0 delayed, 67 final, 67 finals saved; watching 401860885,401858458,401860888,401860887,401856793,401860886
2026-09-20 00:54:25 EDT 74 slate games: 7 live, 0 pre, 0 delayed, 67 final, 67 finals saved; watching 401860885,401858458,401860888,401860887,401856793,401860886
2026-09-20 00:55:26 EDT 74 slate games: 7 live, 0 pre, 0 delayed, 67 final, 67 finals saved; watching 401860885,401858458,401860888,401860887,401856793,401860886
2026-09-20 00:56:25 EDT 74 slate games: 7 live, 0 pre, 0 delayed, 67 final, 67 finals saved; watching 401860885,401858458,401860888,401860887,401856793,401860886
2026-09-20 00:57:26 EDT 74 slate games: 7 live, 0 pre, 0 delayed, 67 final, 67 finals saved; watching 401860885,401858458,401860888,401860887,401856793,401860886
2026-09-20 00:58:26 EDT 74 slate games: 7 live, 0 pre, 0 delayed, 67 final, 67 finals saved; watching 401860885,401858458,401860888,401860887,401856793,401860886
2026-09-20 00:59:25 EDT 74 slate games: 7 live, 0 pre, 0 delayed, 67 final, 67 finals saved; watching 401860885,401858458,401860888,401860887,401856793,401860886
2026-09-20 01:00:25 EDT 74 slate games: 7 live, 0 pre, 0 delayed, 67 final, 67 finals saved; watching 401860885,401858458,401860888,401860887,401856793,401860886
2026-09-20 01:01:26 EDT 74 slate games: 7 live, 0 pre, 0 delayed, 67 final, 67 finals saved; watching 401860885,401858458,401860888,401860887,401856793,401860886
2026-09-20 01:02:27 EDT 74 slate games: 7 live, 0 pre, 0 delayed, 67 final, 67 finals saved; watching 401860885,401858458,401860888,401860887,401856793,401860886
2026-09-20 01:03:26 EDT 74 slate games: 7 live, 0 pre, 0 delayed, 67 final, 67 finals saved; watching 401860885,401858458,401860888,401860887,401856793,401860886
2026-09-20 01:04:26 EDT 74 slate games: 7 live, 0 pre, 0 delayed, 67 final, 67 finals saved; watching 401860885,401858458,401860888,401860887,401856793,401860886
2026-09-20 01:05:26 EDT 74 slate games: 7 live, 0 pre, 0 delayed, 67 final, 67 finals saved; watching 401860885,401858458,401860888,401860887,401856793,401860886
2026-09-20 01:06:25 EDT 74 slate games: 7 live, 0 pre, 0 delayed, 67 final, 67 finals saved; watching 401860885,401860888,401858458,401860887,401856793,401860886
2026-09-20 01:07:25 EDT 74 slate games: 7 live, 0 pre, 0 delayed, 67 final, 67 finals saved; watching 401860885,401860888,401858458,401860887,401856793,401860886
2026-09-20 01:08:25 EDT 74 slate games: 7 live, 0 pre, 0 delayed, 67 final, 67 finals saved; watching 401860885,401860888,401858458,401860887,401856793,401860886
2026-09-20 01:09:26 EDT 74 slate games: 7 live, 0 pre, 0 delayed, 67 final, 67 finals saved; watching 401860885,401860887,401858458,401860888,401856793,401860886
2026-09-20 01:10:26 EDT 74 slate games: 7 live, 0 pre, 0 delayed, 67 final, 67 finals saved; watching 401860885,401860887,401858458,401860888,401856793,401860886
2026-09-20 01:11:25 EDT 74 slate games: 7 live, 0 pre, 0 delayed, 67 final, 67 finals saved; watching 401860885,401860887,401858458,401860888,401856793,401860886
2026-09-20 01:12:25 EDT 74 slate games: 7 live, 0 pre, 0 delayed, 67 final, 67 finals saved; watching 401860885,401858458,401860887,401860888,401856793,401860886
2026-09-20 01:13:26 EDT 74 slate games: 7 live, 0 pre, 0 delayed, 67 final, 67 finals saved; watching 401860885,401860887,401858458,401860888,401864507,401856793
2026-09-20 01:14:25 EDT 74 slate games: 7 live, 0 pre, 0 delayed, 67 final, 67 finals saved; watching 401860885,401860887,401858458,401860888,401864507,401856793
2026-09-20 01:15:25 EDT 74 slate games: 7 live, 0 pre, 0 delayed, 67 final, 67 finals saved; watching 401860885,401858458,401860888,401860887,401864507,401856793
2026-09-20 01:16:25 EDT 74 slate games: 7 live, 0 pre, 0 delayed, 67 final, 67 finals saved; watching 401860885,401858458,401860888,401860887,401856793,401860886
2026-09-20 01:17:26 EDT 74 slate games: 7 live, 0 pre, 0 delayed, 67 final, 67 finals saved; watching 401860885,401858458,401860888,401860887,401856793,401860886
2026-09-20 01:18:25 EDT 74 slate games: 7 live, 0 pre, 0 delayed, 67 final, 67 finals saved; watching 401860885,401858458,401860888,401860887,401856793,401860886
2026-09-20 01:19:26 EDT 74 slate games: 7 live, 0 pre, 0 delayed, 67 final, 67 finals saved; watching 401860885,401858458,401860888,401860887,401856793,401860886
2026-09-20 01:20:25 EDT 74 slate games: 7 live, 0 pre, 0 delayed, 67 final, 67 finals saved; watching 401860885,401858458,401860888,401860887,401856793,401860886
2026-09-20 01:21:26 EDT 74 slate games: 7 live, 0 pre, 0 delayed, 67 final, 67 finals saved; watching 401860888,401858458,401860887,401860885,401856793,401860886
2026-09-20 01:22:26 EDT 74 slate games: 7 live, 0 pre, 0 delayed, 67 final, 67 finals saved; watching 401860887,401860888,401858458,401860885,401856793,401860886
2026-09-20 01:23:27 EDT 74 slate games: 7 live, 0 pre, 0 delayed, 67 final, 67 finals saved; watching 401860887,401860888,401858458,401860885,401856793,401860886
2026-09-20 01:24:27 EDT 74 slate games: 7 live, 0 pre, 0 delayed, 67 final, 67 finals saved; watching 401860888,401858458,401860887,401860885,401856793,401860886
2026-09-20 01:25:26 EDT 74 slate games: 7 live, 0 pre, 0 delayed, 67 final, 67 finals saved; watching 401860887,401860888,401858458,401860885,401856793,401860886
2026-09-20 01:26:26 EDT 74 slate games: 7 live, 0 pre, 0 delayed, 67 final, 67 finals saved; watching 401860887,401860888,401858458,401860885,401856793,401860886
2026-09-20 01:27:26 EDT 74 slate games: 6 live, 0 pre, 0 delayed, 68 final, 67 finals saved; watching 401860888,401858458,401860887,401856793,401860886,401864507
2026-09-20 01:28:26 EDT 74 slate games: 6 live, 0 pre, 0 delayed, 68 final, 67 finals saved; watching 401860887,401860888,401858458,401856793,401860886,401864507
2026-09-20 01:29:26 EDT 74 slate games: 6 live, 0 pre, 0 delayed, 68 final, 67 finals saved; watching 401860888,401858458,401860887,401860886,401864507,401856793
2026-09-20 01:30:27 EDT 74 slate games: 6 live, 0 pre, 0 delayed, 68 final, 67 finals saved; watching 401860888,401858458,401860887,401860886,401864507,401856793
2026-09-20 01:31:26 EDT 74 slate games: 6 live, 0 pre, 0 delayed, 68 final, 67 finals saved; watching 401858458,401860888,401860887,401864507,401856793,401860886
2026-09-20 01:32:30 EDT final SDAK 24 at BOIS 38 (401860885): 26 drives
2026-09-20 01:32:30 EDT 74 slate games: 6 live, 0 pre, 0 delayed, 68 final, 68 finals saved; watching 401858458,401860888,401860887,401864507,401856793,401860886
2026-09-20 01:33:26 EDT 74 slate games: 6 live, 0 pre, 0 delayed, 68 final, 68 finals saved; watching 401858458,401860888,401860887,401864507,401856793,401860886
2026-09-20 01:34:26 EDT 74 slate games: 6 live, 0 pre, 0 delayed, 68 final, 68 finals saved; watching 401858458,401860888,401860887,401864507,401856793,401860886
2026-09-20 01:35:26 EDT 74 slate games: 6 live, 0 pre, 0 delayed, 68 final, 68 finals saved; watching 401858458,401860888,401860887,401864507,401856793,401860886
2026-09-20 01:36:27 EDT 74 slate games: 6 live, 0 pre, 0 delayed, 68 final, 68 finals saved; watching 401858458,401860888,401860887,401864507,401856793,401860886
2026-09-20 01:37:26 EDT 74 slate games: 6 live, 0 pre, 0 delayed, 68 final, 68 finals saved; watching 401858458,401860888,401860887,401864507,401856793,401860886
2026-09-20 01:38:26 EDT 74 slate games: 6 live, 0 pre, 0 delayed, 68 final, 68 finals saved; watching 401858458,401860888,401860887,401864507,401856793,401860886
2026-09-20 01:39:25 EDT 74 slate games: 5 live, 0 pre, 0 delayed, 69 final, 68 finals saved; watching 401858458,401860888,401860887,401864507,401860886
2026-09-20 01:40:24 EDT 74 slate games: 5 live, 0 pre, 0 delayed, 69 final, 68 finals saved; watching 401858458,401860888,401860887,401864507,401860886
2026-09-20 01:41:24 EDT 74 slate games: 5 live, 0 pre, 0 delayed, 69 final, 68 finals saved; watching 401858458,401860888,401860887,401864507,401860886
2026-09-20 01:42:21 EDT 74 slate games: 4 live, 0 pre, 0 delayed, 70 final, 68 finals saved; watching 401858458,401860888,401864507,401860886
2026-09-20 01:43:20 EDT 74 slate games: 4 live, 0 pre, 0 delayed, 70 final, 68 finals saved; watching 401858458,401860888,401864507,401860886
2026-09-20 01:44:20 EDT 74 slate games: 4 live, 0 pre, 0 delayed, 70 final, 68 finals saved; watching 401858458,401860888,401864507,401860886
2026-09-20 01:45:23 EDT final NIU 17 at ARIZ 42 (401856793): 0 drives
2026-09-20 01:45:23 EDT 74 slate games: 4 live, 0 pre, 0 delayed, 70 final, 69 finals saved; watching 401858458,401860888,401864507,401860886
2026-09-20 01:46:22 EDT 74 slate games: 4 live, 0 pre, 0 delayed, 70 final, 69 finals saved; watching 401858458,401860888,401864507,401860886
2026-09-20 01:47:21 EDT 74 slate games: 4 live, 0 pre, 0 delayed, 70 final, 69 finals saved; watching 401858458,401860888,401864507,401860886
2026-09-20 01:48:23 EDT final JMU 26 at SDSU 13 (401860887): 26 drives
2026-09-20 01:48:23 EDT 74 slate games: 4 live, 0 pre, 0 delayed, 70 final, 70 finals saved; watching 401860888,401858458,401864507,401860886
2026-09-20 01:49:20 EDT 74 slate games: 4 live, 0 pre, 0 delayed, 70 final, 70 finals saved; watching 401858458,401860888,401864507,401860886
2026-09-20 01:50:20 EDT 74 slate games: 4 live, 0 pre, 0 delayed, 70 final, 70 finals saved; watching 401858458,401860888,401864507,401860886
2026-09-20 01:51:20 EDT 74 slate games: 4 live, 0 pre, 0 delayed, 70 final, 70 finals saved; watching 401860888,401858458,401864507,401860886
2026-09-20 01:52:20 EDT 74 slate games: 4 live, 0 pre, 0 delayed, 70 final, 70 finals saved; watching 401860888,401858458,401864507,401860886
2026-09-20 01:53:20 EDT 74 slate games: 4 live, 0 pre, 0 delayed, 70 final, 70 finals saved; watching 401860888,401858458,401864507,401860886
2026-09-20 01:54:20 EDT 74 slate games: 4 live, 0 pre, 0 delayed, 70 final, 70 finals saved; watching 401860888,401858458,401864507,401860886
2026-09-20 01:55:17 EDT 74 slate games: 3 live, 0 pre, 0 delayed, 71 final, 70 finals saved; watching 401860888,401858458,401860886
2026-09-20 01:56:17 EDT 74 slate games: 3 live, 0 pre, 0 delayed, 71 final, 70 finals saved; watching 401860888,401858458,401860886
2026-09-20 01:57:17 EDT 74 slate games: 3 live, 0 pre, 0 delayed, 71 final, 70 finals saved; watching 401860888,401858458,401860886
2026-09-20 01:58:17 EDT 74 slate games: 3 live, 0 pre, 0 delayed, 71 final, 70 finals saved; watching 401858458,401860888,401860886
2026-09-20 01:59:17 EDT 74 slate games: 3 live, 0 pre, 0 delayed, 71 final, 70 finals saved; watching 401858458,401860888,401860886
2026-09-20 02:00:17 EDT 74 slate games: 3 live, 0 pre, 0 delayed, 71 final, 70 finals saved; watching 401860888,401858458,401860886
2026-09-20 02:01:20 EDT final NDSU 31 at SAC 10 (401864507): 22 drives
2026-09-20 02:01:20 EDT 74 slate games: 3 live, 0 pre, 0 delayed, 71 final, 71 finals saved; watching 401860888,401858458,401860886
2026-09-20 02:02:17 EDT 74 slate games: 3 live, 0 pre, 0 delayed, 71 final, 71 finals saved; watching 401860888,401858458,401860886
2026-09-20 02:03:17 EDT 74 slate games: 3 live, 0 pre, 0 delayed, 71 final, 71 finals saved; watching 401860888,401858458,401860886
2026-09-20 02:04:18 EDT 74 slate games: 3 live, 0 pre, 0 delayed, 71 final, 71 finals saved; watching 401860888,401858458,401860886
2026-09-20 02:05:18 EDT 74 slate games: 3 live, 0 pre, 0 delayed, 71 final, 71 finals saved; watching 401860888,401858458,401860886
2026-09-20 02:06:18 EDT 74 slate games: 3 live, 0 pre, 0 delayed, 71 final, 71 finals saved; watching 401860888,401858458,401860886
2026-09-20 02:07:17 EDT 74 slate games: 3 live, 0 pre, 0 delayed, 71 final, 71 finals saved; watching 401860888,401858458,401860886
2026-09-20 02:08:18 EDT 74 slate games: 3 live, 0 pre, 0 delayed, 71 final, 71 finals saved; watching 401860888,401858458,401860886
2026-09-20 02:09:17 EDT 74 slate games: 3 live, 0 pre, 0 delayed, 71 final, 71 finals saved; watching 401860888,401858458,401860886
2026-09-20 02:10:17 EDT 74 slate games: 3 live, 0 pre, 0 delayed, 71 final, 71 finals saved; watching 401860888,401858458,401860886
2026-09-20 02:11:17 EDT 74 slate games: 3 live, 0 pre, 0 delayed, 71 final, 71 finals saved; watching 401860888,401858458,401860886
2026-09-20 02:12:18 EDT 74 slate games: 3 live, 0 pre, 0 delayed, 71 final, 71 finals saved; watching 401860888,401858458,401860886
2026-09-20 02:13:17 EDT 74 slate games: 3 live, 0 pre, 0 delayed, 71 final, 71 finals saved; watching 401860888,401858458,401860886
2026-09-20 02:14:17 EDT 74 slate games: 3 live, 0 pre, 0 delayed, 71 final, 71 finals saved; watching 401860888,401858458,401860886
2026-09-20 02:15:18 EDT 74 slate games: 3 live, 0 pre, 0 delayed, 71 final, 71 finals saved; watching 401860888,401858458,401860886
2026-09-20 02:16:17 EDT 74 slate games: 3 live, 0 pre, 0 delayed, 71 final, 71 finals saved; watching 401860888,401858458,401860886
2026-09-20 02:17:18 EDT 74 slate games: 3 live, 0 pre, 0 delayed, 71 final, 71 finals saved; watching 401860888,401858458,401860886
2026-09-20 02:18:18 EDT 74 slate games: 3 live, 0 pre, 0 delayed, 71 final, 71 finals saved; watching 401860888,401858458,401860886
2026-09-20 02:19:18 EDT 74 slate games: 3 live, 0 pre, 0 delayed, 71 final, 71 finals saved; watching 401860888,401858458,401860886
2026-09-20 02:20:18 EDT 74 slate games: 3 live, 0 pre, 0 delayed, 71 final, 71 finals saved; watching 401860888,401858458,401860886
2026-09-20 02:21:18 EDT 74 slate games: 3 live, 0 pre, 0 delayed, 71 final, 71 finals saved; watching 401860888,401858458,401860886
2026-09-20 02:22:18 EDT 74 slate games: 3 live, 0 pre, 0 delayed, 71 final, 71 finals saved; watching 401860888,401858458,401860886
2026-09-20 02:23:19 EDT 74 slate games: 3 live, 0 pre, 0 delayed, 71 final, 71 finals saved; watching 401860888,401858458,401860886
2026-09-20 02:24:15 EDT 74 slate games: 2 live, 0 pre, 0 delayed, 72 final, 71 finals saved; watching 401860888,401858458
2026-09-20 02:25:14 EDT 74 slate games: 2 live, 0 pre, 0 delayed, 72 final, 71 finals saved; watching 401860888,401858458
2026-09-20 02:26:14 EDT 74 slate games: 2 live, 0 pre, 0 delayed, 72 final, 71 finals saved; watching 401860888,401858458
2026-09-20 02:27:15 EDT 74 slate games: 2 live, 0 pre, 0 delayed, 72 final, 71 finals saved; watching 401860888,401858458
2026-09-20 02:28:15 EDT 74 slate games: 2 live, 0 pre, 0 delayed, 72 final, 71 finals saved; watching 401860888,401858458
2026-09-20 02:29:18 EDT final MONT 17 at ORST 52 (401860886): 25 drives
2026-09-20 02:29:18 EDT 74 slate games: 2 live, 0 pre, 0 delayed, 72 final, 72 finals saved; watching 401860888,401858458
2026-09-20 02:30:15 EDT 74 slate games: 2 live, 0 pre, 0 delayed, 72 final, 72 finals saved; watching 401860888,401858458
2026-09-20 02:31:15 EDT 74 slate games: 2 live, 0 pre, 0 delayed, 72 final, 72 finals saved; watching 401860888,401858458
2026-09-20 02:32:14 EDT 74 slate games: 2 live, 0 pre, 0 delayed, 72 final, 72 finals saved; watching 401860888,401858458
2026-09-20 02:33:14 EDT 74 slate games: 2 live, 0 pre, 0 delayed, 72 final, 72 finals saved; watching 401858458,401860888
2026-09-20 02:34:15 EDT 74 slate games: 2 live, 0 pre, 0 delayed, 72 final, 72 finals saved; watching 401858458,401860888
2026-09-20 02:35:15 EDT 74 slate games: 2 live, 0 pre, 0 delayed, 72 final, 72 finals saved; watching 401858458,401860888
2026-09-20 02:36:15 EDT 74 slate games: 2 live, 0 pre, 0 delayed, 72 final, 72 finals saved; watching 401858458,401860888
2026-09-20 02:37:15 EDT 74 slate games: 2 live, 0 pre, 0 delayed, 72 final, 72 finals saved; watching 401858458,401860888
2026-09-20 02:38:15 EDT 74 slate games: 2 live, 0 pre, 0 delayed, 72 final, 72 finals saved; watching 401858458,401860888
2026-09-20 02:39:12 EDT 74 slate games: 1 live, 0 pre, 0 delayed, 73 final, 72 finals saved; watching 401860888
2026-09-20 02:40:09 EDT 74 slate games: 0 live, 0 pre, 0 delayed, 74 final, 72 finals saved
2026-09-20 02:41:08 EDT 74 slate games: 0 live, 0 pre, 0 delayed, 74 final, 72 finals saved
2026-09-20 02:42:09 EDT 74 slate games: 0 live, 0 pre, 0 delayed, 74 final, 72 finals saved
2026-09-20 02:43:08 EDT 74 slate games: 0 live, 0 pre, 0 delayed, 74 final, 72 finals saved
2026-09-20 02:44:08 EDT 74 slate games: 0 live, 0 pre, 0 delayed, 74 final, 72 finals saved
2026-09-20 02:45:11 EDT final PUR 38 at UCLA 52 (401858458): 24 drives
2026-09-20 02:45:11 EDT 74 slate games: 0 live, 0 pre, 0 delayed, 74 final, 73 finals saved
2026-09-20 02:46:12 EDT final FRES 26 at SJSU 10 (401860888): 31 drives
2026-09-20 02:46:12 EDT 74 slate games: 0 live, 0 pre, 0 delayed, 74 final, 74 finals saved
2026-09-20 02:46:12 EDT every slate game is final and saved; done
